unity_timestamp,eye_timestamp,left_validata,left_eye_openness,left_eye_pupil_diameter,left_eye_origin.x,left_eye_origin.y,left_eye_origin.z,left_eye_gaze.x,left_eye_gaze.y,left_eye_gaze.z,right_validata,right_eye_openness,right_eye_pupil_diameter,right_eye_origin.x,right_eye_origin.y,right_eye_origin.z,right_eye_gaze.x,right_eye_gaze.y,right_eye_gaze.z,combined_eye_origin.x,combined_eye_origin.y,combined_eye_origin.z,combined_eye_gaze.x,combined_eye_gaze.y,combined_eye_gaze.z,gaze_distance,frame_number,tracking_status,combined_validata,left_tracking_status,right_tracking_status,ipd_mm,messages
19.8587501029,18220161300,True,1.0000000000,4.0000000000,-0.0320000000,0.0000000000,0.0000000000,-0.0151006700,-0.0021571990,0.9998837000,True,1.0000000000,4.0000000000,0.0320000000,0.0000000000,0.0000000000,-0.0151006700,-0.0021571990,0.9998837000,0.0000000000,0.0000000000,0.0000000000,-0.0151006700,-0.0021571990,0.9998837000,2.0000000000,1579,2,True,3,3,64.0000000000,RecordingStarted|SessionStart;participant=pilot_001;session=checkerboard_pilot;seed=20260901;planned_trials=21;utc=2026-09-04T11:57:44.5375196Z;mapping=visual-space-l-tangent-normalized-cartesian-grid-v2|StimulusHidden;visual_space_l=1.000;fov_deg=90.00;edge_softness_deg=1.00;circular_aperture=True;grid_spacing_deg=10.00;grid_spacing_uv=0.176327;content_zoom=1.000;eye=BothEyes|StimulusChanged;visual_space_l=1.000;fov_deg=90.00;edge_softness_deg=1.00;circular_aperture=True;grid_spacing_deg=10.00;grid_spacing_uv=0.176327;content_zoom=1.000;eye=BothEyes|StimulusChanged;visual_space_l=1.000;fov_deg=90.00;edge_softness_deg=1.00;circular_aperture=True;grid_spacing_deg=10.00;grid_spacing_uv=0.176327;content_zoom=1.000;eye=BothEyes|StimulusChanged;visual_space_l=0.500;fov_deg=90.00;edge_softness_deg=1.00;circular_aperture=True;grid_spacing_deg=10.00;grid_spacing_uv=0.176327;content_zoom=1.000;eye=BothEyes|StimulusChanged;visual_space_l=0.500;fov_deg=90.00;edge_softness_deg=1.00;circular_aperture=True;grid_spacing_deg=10.00;grid_spacing_uv=0.176327;content_zoom=1.000;eye=BothEyes|TrialStart;presentation=1;sequence=1;condition=5;repetition=1;attempt=1;eye=BothEyes;fov_deg=90.000;edge_softness_deg=1.000;circular_aperture=True;grid_spacing_deg=10.000;grid_spacing_uv=0.176327;visual_space_l=0.5000;content_zoom=1.0000|StimulusPresented;visual_space_l=0.500;fov_deg=90.00;edge_softness_deg=1.00;circular_aperture=True;grid_spacing_deg=10.00;grid_spacing_uv=0.176327;content_zoom=1.000;eye=BothEyes
19.8883921029,18249803400,True,1.0000000000,4.0000000000,-0.0320000000,0.0000000000,0.0000000000,-0.0151006700,-0.0021571990,0.9998837000,True,1.0000000000,4.0000000000,0.0320000000,0.0000000000,0.0000000000,-0.0151006700,-0.0021571990,0.9998837000,0.0000000000,0.0000000000,0.0000000000,-0.0151006700,-0.0021571990,0.9998837000,2.0000000000,1580,2,True,3,3,64.0000000000,
19.8994839029,18260895100,True,1.0000000000,4.0000000000,-0.0320000000,0.0000000000,0.0000000000,-0.0151006700,-0.0021571990,0.9998837000,True,1.0000000000,4.0000000000,0.0320000000,0.0000000000,0.0000000000,-0.0151006700,-0.0021571990,0.9998837000,0.0000000000,0.0000000000,0.0000000000,-0.0151006700,-0.0021571990,0.9998837000,2.0000000000,1581,2,True,3,3,64.0000000000,
19.9096455029,18271056800,True,1.0000000000,4.0000000000,-0.0320000000,0.0000000000,0.0000000000,-0.0151006700,-0.0021571990,0.9998837000,True,1.0000000000,4.0000000000,0.0320000000,0.0000000000,0.0000000000,-0.0151006700,-0.0021571990,0.9998837000,0.0000000000,0.0000000000,0.0000000000,-0.0151006700,-0.0021571990,0.9998837000,2.0000000000,1582,2,True,3,3,64.0000000000,
19.9202467029,18281658200,True,1.0000000000,4.0000000000,-0.0320000000,0.0000000000,0.0000000000,-0.0151006700,-0.0021571990,0.9998837000,True,1.0000000000,4.0000000000,0.0320000000,0.0000000000,0.0000000000,-0.0151006700,-0.0021571990,0.9998837000,0.0000000000,0.0000000000,0.0000000000,-0.0151006700,-0.0021571990,0.9998837000,2.0000000000,1583,2,True,3,3,64.0000000000,
19.9309870029,18292398300,True,1.0000000000,4.0000000000,-0.0320000000,0.0000000000,0.0000000000,-0.0151006700,-0.0021571990,0.9998837000,True,1.0000000000,4.0000000000,0.0320000000,0.0000000000,0.0000000000,-0.0151006700,-0.0021571990,0.9998837000,0.0000000000,0.0000000000,0.0000000000,-0.0151006700,-0.0021571990,0.9998837000,2.0000000000,1584,2,True,3,3,64.0000000000,
19.9403580029,18301769400,True,1.0000000000,4.0000000000,-0.0320000000,0.0000000000,0.0000000000,-0.0151006700,-0.0021571990,0.9998837000,True,1.0000000000,4.0000000000,0.0320000000,0.0000000000,0.0000000000,-0.0151006700,-0.0021571990,0.9998837000,0.0000000000,0.0000000000,0.0000000000,-0.0151006700,-0.0021571990,0.9998837000,2.0000000000,1585,2,True,3,3,64.0000000000,
19.9506189029,18312030400,True,1.0000000000,4.0000000000,-0.0320000000,0.0000000000,0.0000000000,-0.0151006700,-0.0021571990,0.9998837000,True,1.0000000000,4.0000000000,0.0320000000,0.0000000000,0.0000000000,-0.0151006700,-0.0021571990,0.9998837000,0.0000000000,0.0000000000,0.0000000000,-0.0151006700,-0.0021571990,0.9998837000,2.0000000000,1586,2,True,3,3,64.0000000000,
19.9608450029,18322256400,True,1.0000000000,4.0000000000,-0.0320000000,0.0000000000,0.0000000000,-0.0151006700,-0.0021571990,0.9998837000,True,1.0000000000,4.0000000000,0.0320000000,0.0000000000,0.0000000000,-0.0151006700,-0.0021571990,0.9998837000,0.0000000000,0.0000000000,0.0000000000,-0.0151006700,-0.0021571990,0.9998837000,2.0000000000,1587,2,True,3,3,64.0000000000,
19.9708809029,18332292500,True,1.0000000000,4.0000000000,-0.0320000000,0.0000000000,0.0000000000,-0.0151006700,-0.0021571990,0.9998837000,True,1.0000000000,4.0000000000,0.0320000000,0.0000000000,0.0000000000,-0.0151006700,-0.0021571990,0.9998837000,0.0000000000,0.0000000000,0.0000000000,-0.0151006700,-0.0021571990,0.9998837000,2.0000000000,1588,2,True,3,3,64.0000000000,
19.9811533029,18342564900,True,1.0000000000,4.0000000000,-0.0320000000,0.0000000000,0.0000000000,-0.0151006700,-0.0021571990,0.9998837000,True,1.0000000000,4.0000000000,0.0320000000,0.0000000000,0.0000000000,-0.0151006700,-0.0021571990,0.9998837000,0.0000000000,0.0000000000,0.0000000000,-0.0151006700,-0.0021571990,0.9998837000,2.0000000000,1589,2,True,3,3,64.0000000000,
19.9911923029,18352603800,True,1.0000000000,4.0000000000,-0.0320000000,0.0000000000,0.0000000000,-0.0151006700,-0.0021571990,0.9998837000,True,1.0000000000,4.0000000000,0.0320000000,0.0000000000,0.0000000000,-0.0151006700,-0.0021571990,0.9998837000,0.0000000000,0.0000000000,0.0000000000,-0.0151006700,-0.0021571990,0.9998837000,2.0000000000,1590,2,True,3,3,64.0000000000,
20.0017027029,18363114000,True,1.0000000000,4.0000000000,-0.0320000000,0.0000000000,0.0000000000,-0.0151006700,-0.0021571990,0.9998837000,True,1.0000000000,4.0000000000,0.0320000000,0.0000000000,0.0000000000,-0.0151006700,-0.0021571990,0.9998837000,0.0000000000,0.0000000000,0.0000000000,-0.0151006700,-0.0021571990,0.9998837000,2.0000000000,1591,2,True,3,3,64.0000000000,
20.0118203029,18373231900,True,1.0000000000,4.0000000000,-0.0320000000,0.0000000000,0.0000000000,-0.0151006700,-0.0021571990,0.9998837000,True,1.0000000000,4.0000000000,0.0320000000,0.0000000000,0.0000000000,-0.0151006700,-0.0021571990,0.9998837000,0.0000000000,0.0000000000,0.0000000000,-0.0151006700,-0.0021571990,0.9998837000,2.0000000000,1592,2,True,3,3,64.0000000000,
20.0227805029,18384192000,True,1.0000000000,4.0000000000,-0.0320000000,0.0000000000,0.0000000000,-0.0151006700,-0.0021571990,0.9998837000,True,1.0000000000,4.0000000000,0.0320000000,0.0000000000,0.0000000000,-0.0151006700,-0.0021571990,0.9998837000,0.0000000000,0.0000000000,0.0000000000,-0.0151006700,-0.0021571990,0.9998837000,2.0000000000,1593,2,True,3,3,64.0000000000,
20.0327383029,18394149700,True,1.0000000000,4.0000000000,-0.0320000000,0.0000000000,0.0000000000,-0.0151006700,-0.0021571990,0.9998837000,True,1.0000000000,4.0000000000,0.0320000000,0.0000000000,0.0000000000,-0.0151006700,-0.0021571990,0.9998837000,0.0000000000,0.0000000000,0.0000000000,-0.0151006700,-0.0021571990,0.9998837000,2.0000000000,1594,2,True,3,3,64.0000000000,
20.0430115029,18404422900,True,1.0000000000,4.0000000000,-0.0320000000,0.0000000000,0.0000000000,-0.0151006700,-0.0021571990,0.9998837000,True,1.0000000000,4.0000000000,0.0320000000,0.0000000000,0.0000000000,-0.0151006700,-0.0021571990,0.9998837000,0.0000000000,0.0000000000,0.0000000000,-0.0151006700,-0.0021571990,0.9998837000,2.0000000000,1595,2,True,3,3,64.0000000000,
20.0540866029,18415498100,True,1.0000000000,4.0000000000,-0.0320000000,0.0000000000,0.0000000000,-0.0151006700,-0.0021571990,0.9998837000,True,1.0000000000,4.0000000000,0.0320000000,0.0000000000,0.0000000000,-0.0151006700,-0.0021571990,0.9998837000,0.0000000000,0.0000000000,0.0000000000,-0.0151006700,-0.0021571990,0.9998837000,2.0000000000,1596,2,True,3,3,64.0000000000,
20.0641330029,18425544400,True,1.0000000000,4.0000000000,-0.0320000000,0.0000000000,0.0000000000,-0.0151006700,-0.0021571990,0.9998837000,True,1.0000000000,4.0000000000,0.0320000000,0.0000000000,0.0000000000,-0.0151006700,-0.0021571990,0.9998837000,0.0000000000,0.0000000000,0.0000000000,-0.0151006700,-0.0021571990,0.9998837000,2.0000000000,1597,2,True,3,3,64.0000000000,
20.0745717029,18435983100,True,1.0000000000,4.0000000000,-0.0320000000,0.0000000000,0.0000000000,-0.0151006700,-0.0021571990,0.9998837000,True,1.0000000000,4.0000000000,0.0320000000,0.0000000000,0.0000000000,-0.0151006700,-0.0021571990,0.9998837000,0.0000000000,0.0000000000,0.0000000000,-0.0151006700,-0.0021571990,0.9998837000,2.0000000000,1598,2,True,3,3,64.0000000000,
20.0848044029,18446215900,True,1.0000000000,4.0000000000,-0.0320000000,0.0000000000,0.0000000000,-0.0151006700,-0.0021571990,0.9998837000,True,1.0000000000,4.0000000000,0.0320000000,0.0000000000,0.0000000000,-0.0151006700,-0.0021571990,0.9998837000,0.0000000000,0.0000000000,0.0000000000,-0.0151006700,-0.0021571990,0.9998837000,2.0000000000,1599,2,True,3,3,64.0000000000,
20.0948411029,18456252600,True,1.0000000000,4.0000000000,-0.0320000000,0.0000000000,0.0000000000,-0.0151006700,-0.0021571990,0.9998837000,True,1.0000000000,4.0000000000,0.0320000000,0.0000000000,0.0000000000,-0.0151006700,-0.0021571990,0.9998837000,0.0000000000,0.0000000000,0.0000000000,-0.0151006700,-0.0021571990,0.9998837000,2.0000000000,1600,2,True,3,3,64.0000000000,
20.1055633029,18466974700,True,1.0000000000,4.0000000000,-0.0320000000,0.0000000000,0.0000000000,-0.0151006700,-0.0021571990,0.9998837000,True,1.0000000000,4.0000000000,0.0320000000,0.0000000000,0.0000000000,-0.0151006700,-0.0021571990,0.9998837000,0.0000000000,0.0000000000,0.0000000000,-0.0151006700,-0.0021571990,0.9998837000,2.0000000000,1601,2,True,3,3,64.0000000000,
20.1168358029,18478246900,True,1.0000000000,4.0000000000,-0.0320000000,0.0000000000,0.0000000000,-0.0151006700,-0.0021571990,0.9998837000,True,1.0000000000,4.0000000000,0.0320000000,0.0000000000,0.0000000000,-0.0151006700,-0.0021571990,0.9998837000,0.0000000000,0.0000000000,0.0000000000,-0.0151006700,-0.0021571990,0.9998837000,2.0000000000,1602,2,True,3,3,64.0000000000,
20.1259870029,18487398300,True,1.0000000000,4.0000000000,-0.0320000000,0.0000000000,0.0000000000,-0.0151006700,-0.0021571990,0.9998837000,True,1.0000000000,4.0000000000,0.0320000000,0.0000000000,0.0000000000,-0.0151006700,-0.0021571990,0.9998837000,0.0000000000,0.0000000000,0.0000000000,-0.0151006700,-0.0021571990,0.9998837000,2.0000000000,1603,2,True,3,3,64.0000000000,
20.1361026029,18497514000,True,1.0000000000,4.0000000000,-0.0320000000,0.0000000000,0.0000000000,-0.0151006700,-0.0021571990,0.9998837000,True,1.0000000000,4.0000000000,0.0320000000,0.0000000000,0.0000000000,-0.0151006700,-0.0021571990,0.9998837000,0.0000000000,0.0000000000,0.0000000000,-0.0151006700,-0.0021571990,0.9998837000,2.0000000000,1604,2,True,3,3,64.0000000000,
20.1463742029,18507785700,True,1.0000000000,4.0000000000,-0.0320000000,0.0000000000,0.0000000000,-0.0151006700,-0.0021571990,0.9998837000,True,1.0000000000,4.0000000000,0.0320000000,0.0000000000,0.0000000000,-0.0151006700,-0.0021571990,0.9998837000,0.0000000000,0.0000000000,0.0000000000,-0.0151006700,-0.0021571990,0.9998837000,2.0000000000,1605,2,True,3,3,64.0000000000,
20.1563921029,18517803600,True,1.0000000000,4.0000000000,-0.0320000000,0.0000000000,0.0000000000,-0.0151006700,-0.0021571990,0.9998837000,True,1.0000000000,4.0000000000,0.0320000000,0.0000000000,0.0000000000,-0.0151006700,-0.0021571990,0.9998837000,0.0000000000,0.0000000000,0.0000000000,-0.0151006700,-0.0021571990,0.9998837000,2.0000000000,1606,2,True,3,3,64.0000000000,
20.1665847029,18527996300,True,1.0000000000,4.0000000000,-0.0320000000,0.0000000000,0.0000000000,-0.0151006700,-0.0021571990,0.9998837000,True,1.0000000000,4.0000000000,0.0320000000,0.0000000000,0.0000000000,-0.0151006700,-0.0021571990,0.9998837000,0.0000000000,0.0000000000,0.0000000000,-0.0151006700,-0.0021571990,0.9998837000,2.0000000000,1607,2,True,3,3,64.0000000000,
20.1765720029,18537983500,True,1.0000000000,4.0000000000,-0.0320000000,0.0000000000,0.0000000000,-0.0151006700,-0.0021571990,0.9998837000,True,1.0000000000,4.0000000000,0.0320000000,0.0000000000,0.0000000000,-0.0151006700,-0.0021571990,0.9998837000,0.0000000000,0.0000000000,0.0000000000,-0.0151006700,-0.0021571990,0.9998837000,2.0000000000,1608,2,True,3,3,64.0000000000,
20.1869068029,18548318400,True,1.0000000000,4.0000000000,-0.0320000000,0.0000000000,0.0000000000,-0.0151006700,-0.0021571990,0.9998837000,True,1.0000000000,4.0000000000,0.0320000000,0.0000000000,0.0000000000,-0.0151006700,-0.0021571990,0.9998837000,0.0000000000,0.0000000000,0.0000000000,-0.0151006700,-0.0021571990,0.9998837000,2.0000000000,1609,2,True,3,3,64.0000000000,
20.1971095029,18558521100,True,1.0000000000,4.0000000000,-0.0320000000,0.0000000000,0.0000000000,-0.0151006700,-0.0021571990,0.9998837000,True,1.0000000000,4.0000000000,0.0320000000,0.0000000000,0.0000000000,-0.0151006700,-0.0021571990,0.9998837000,0.0000000000,0.0000000000,0.0000000000,-0.0151006700,-0.0021571990,0.9998837000,2.0000000000,1610,2,True,3,3,64.0000000000,
20.2073482029,18568759500,True,1.0000000000,4.0000000000,-0.0320000000,0.0000000000,0.0000000000,-0.0151006700,-0.0021571990,0.9998837000,True,1.0000000000,4.0000000000,0.0320000000,0.0000000000,0.0000000000,-0.0151006700,-0.0021571990,0.9998837000,0.0000000000,0.0000000000,0.0000000000,-0.0151006700,-0.0021571990,0.9998837000,2.0000000000,1611,2,True,3,3,64.0000000000,
20.2175920029,18579003500,True,1.0000000000,4.0000000000,-0.0320000000,0.0000000000,0.0000000000,-0.0151006700,-0.0021571990,0.9998837000,True,1.0000000000,4.0000000000,0.0320000000,0.0000000000,0.0000000000,-0.0151006700,-0.0021571990,0.9998837000,0.0000000000,0.0000000000,0.0000000000,-0.0151006700,-0.0021571990,0.9998837000,2.0000000000,1612,2,True,3,3,64.0000000000,
20.2280393029,18589450800,True,1.0000000000,4.0000000000,-0.0320000000,0.0000000000,0.0000000000,-0.0151006700,-0.0021571990,0.9998837000,True,1.0000000000,4.0000000000,0.0320000000,0.0000000000,0.0000000000,-0.0151006700,-0.0021571990,0.9998837000,0.0000000000,0.0000000000,0.0000000000,-0.0151006700,-0.0021571990,0.9998837000,2.0000000000,1613,2,True,3,3,64.0000000000,
20.2391437029,18600555100,True,1.0000000000,4.0000000000,-0.0320000000,0.0000000000,0.0000000000,-0.0151006700,-0.0021571990,0.9998837000,True,1.0000000000,4.0000000000,0.0320000000,0.0000000000,0.0000000000,-0.0151006700,-0.0021571990,0.9998837000,0.0000000000,0.0000000000,0.0000000000,-0.0151006700,-0.0021571990,0.9998837000,2.0000000000,1614,2,True,3,3,64.0000000000,
20.2493144029,18610725800,True,1.0000000000,4.0000000000,-0.0320000000,0.0000000000,0.0000000000,-0.0151006700,-0.0021571990,0.9998837000,True,1.0000000000,4.0000000000,0.0320000000,0.0000000000,0.0000000000,-0.0151006700,-0.0021571990,0.9998837000,0.0000000000,0.0000000000,0.0000000000,-0.0151006700,-0.0021571990,0.9998837000,2.0000000000,1615,2,True,3,3,64.0000000000,
20.2598372029,18621248700,True,1.0000000000,4.0000000000,-0.0320000000,0.0000000000,0.0000000000,-0.0151006700,-0.0021571990,0.9998837000,True,1.0000000000,4.0000000000,0.0320000000,0.0000000000,0.0000000000,-0.0151006700,-0.0021571990,0.9998837000,0.0000000000,0.0000000000,0.0000000000,-0.0151006700,-0.0021571990,0.9998837000,2.0000000000,1616,2,True,3,3,64.0000000000,
20.2700930029,18631504500,True,1.0000000000,4.0000000000,-0.0320000000,0.0000000000,0.0000000000,-0.0151006700,-0.0021571990,0.9998837000,True,1.0000000000,4.0000000000,0.0320000000,0.0000000000,0.0000000000,-0.0151006700,-0.0021571990,0.9998837000,0.0000000000,0.0000000000,0.0000000000,-0.0151006700,-0.0021571990,0.9998837000,2.0000000000,1617,2,True,3,3,64.0000000000,
20.2802180029,18641629500,True,1.0000000000,4.0000000000,-0.0320000000,0.0000000000,0.0000000000,-0.0151006700,-0.0021571990,0.9998837000,True,1.0000000000,4.0000000000,0.0320000000,0.0000000000,0.0000000000,-0.0151006700,-0.0021571990,0.9998837000,0.0000000000,0.0000000000,0.0000000000,-0.0151006700,-0.0021571990,0.9998837000,2.0000000000,1618,2,True,3,3,64.0000000000,
20.2905263029,18651937700,True,1.0000000000,4.0000000000,-0.0320000000,0.0000000000,0.0000000000,-0.0151006700,-0.0021571990,0.9998837000,True,1.0000000000,4.0000000000,0.0320000000,0.0000000000,0.0000000000,-0.0151006700,-0.0021571990,0.9998837000,0.0000000000,0.0000000000,0.0000000000,-0.0151006700,-0.0021571990,0.9998837000,2.0000000000,1619,2,True,3,3,64.0000000000,
20.3006060029,18662017500,True,1.0000000000,4.0000000000,-0.0320000000,0.0000000000,0.0000000000,-0.0151006700,-0.0021571990,0.9998837000,True,1.0000000000,4.0000000000,0.0320000000,0.0000000000,0.0000000000,-0.0151006700,-0.0021571990,0.9998837000,0.0000000000,0.0000000000,0.0000000000,-0.0151006700,-0.0021571990,0.9998837000,2.0000000000,1620,2,True,3,3,64.0000000000,
20.3111836029,18672595100,True,1.0000000000,4.0000000000,-0.0320000000,0.0000000000,0.0000000000,-0.0151006700,-0.0021571990,0.9998837000,True,1.0000000000,4.0000000000,0.0320000000,0.0000000000,0.0000000000,-0.0151006700,-0.0021571990,0.9998837000,0.0000000000,0.0000000000,0.0000000000,-0.0151006700,-0.0021571990,0.9998837000,2.0000000000,1621,2,True,3,3,64.0000000000,
20.3218272029,18683238600,True,1.0000000000,4.0000000000,-0.0320000000,0.0000000000,0.0000000000,-0.0151006700,-0.0021571990,0.9998837000,True,1.0000000000,4.0000000000,0.0320000000,0.0000000000,0.0000000000,-0.0151006700,-0.0021571990,0.9998837000,0.0000000000,0.0000000000,0.0000000000,-0.0151006700,-0.0021571990,0.9998837000,2.0000000000,1622,2,True,3,3,64.0000000000,
20.3319254029,18693336700,True,1.0000000000,4.0000000000,-0.0320000000,0.0000000000,0.0000000000,-0.0151006700,-0.0021571990,0.9998837000,True,1.0000000000,4.0000000000,0.0320000000,0.0000000000,0.0000000000,-0.0151006700,-0.0021571990,0.9998837000,0.0000000000,0.0000000000,0.0000000000,-0.0151006700,-0.0021571990,0.9998837000,2.0000000000,1623,2,True,3,3,64.0000000000,
20.3400647029,18701476300,True,1.0000000000,4.0000000000,-0.0320000000,0.0000000000,0.0000000000,-0.0151006700,-0.0021571990,0.9998837000,True,1.0000000000,4.0000000000,0.0320000000,0.0000000000,0.0000000000,-0.0151006700,-0.0021571990,0.9998837000,0.0000000000,0.0000000000,0.0000000000,-0.0151006700,-0.0021571990,0.9998837000,2.0000000000,1624,2,True,3,3,64.0000000000,
20.3483814029,18709792900,True,1.0000000000,4.0000000000,-0.0320000000,0.0000000000,0.0000000000,-0.0151006700,-0.0021571990,0.9998837000,True,1.0000000000,4.0000000000,0.0320000000,0.0000000000,0.0000000000,-0.0151006700,-0.0021571990,0.9998837000,0.0000000000,0.0000000000,0.0000000000,-0.0151006700,-0.0021571990,0.9998837000,2.0000000000,1625,2,True,3,3,64.0000000000,
20.3568540029,18718265500,True,1.0000000000,4.0000000000,-0.0320000000,0.0000000000,0.0000000000,-0.0151006700,-0.0021571990,0.9998837000,True,1.0000000000,4.0000000000,0.0320000000,0.0000000000,0.0000000000,-0.0151006700,-0.0021571990,0.9998837000,0.0000000000,0.0000000000,0.0000000000,-0.0151006700,-0.0021571990,0.9998837000,2.0000000000,1626,2,True,3,3,64.0000000000,
20.3654771029,18726888400,True,1.0000000000,4.0000000000,-0.0320000000,0.0000000000,0.0000000000,-0.0151006700,-0.0021571990,0.9998837000,True,1.0000000000,4.0000000000,0.0320000000,0.0000000000,0.0000000000,-0.0151006700,-0.0021571990,0.9998837000,0.0000000000,0.0000000000,0.0000000000,-0.0151006700,-0.0021571990,0.9998837000,2.0000000000,1627,2,True,3,3,64.0000000000,
20.3745591029,18735970500,True,1.0000000000,4.0000000000,-0.0320000000,0.0000000000,0.0000000000,-0.0151006700,-0.0021571990,0.9998837000,True,1.0000000000,4.0000000000,0.0320000000,0.0000000000,0.0000000000,-0.0151006700,-0.0021571990,0.9998837000,0.0000000000,0.0000000000,0.0000000000,-0.0151006700,-0.0021571990,0.9998837000,2.0000000000,1628,2,True,3,3,64.0000000000,
20.3846923029,18746103800,True,1.0000000000,4.0000000000,-0.0320000000,0.0000000000,0.0000000000,-0.0151006700,-0.0021571990,0.9998837000,True,1.0000000000,4.0000000000,0.0320000000,0.0000000000,0.0000000000,-0.0151006700,-0.0021571990,0.9998837000,0.0000000000,0.0000000000,0.0000000000,-0.0151006700,-0.0021571990,0.9998837000,2.0000000000,1629,2,True,3,3,64.0000000000,
20.3948456029,18756257100,True,1.0000000000,4.0000000000,-0.0320000000,0.0000000000,0.0000000000,-0.0151006700,-0.0021571990,0.9998837000,True,1.0000000000,4.0000000000,0.0320000000,0.0000000000,0.0000000000,-0.0151006700,-0.0021571990,0.9998837000,0.0000000000,0.0000000000,0.0000000000,-0.0151006700,-0.0021571990,0.9998837000,2.0000000000,1630,2,True,3,3,64.0000000000,
20.4055709029,18766982300,True,1.0000000000,4.0000000000,-0.0320000000,0.0000000000,0.0000000000,-0.0151006700,-0.0021571990,0.9998837000,True,1.0000000000,4.0000000000,0.0320000000,0.0000000000,0.0000000000,-0.0151006700,-0.0021571990,0.9998837000,0.0000000000,0.0000000000,0.0000000000,-0.0151006700,-0.0021571990,0.9998837000,2.0000000000,1631,2,True,3,3,64.0000000000,
20.4160092029,18777420700,True,1.0000000000,4.0000000000,-0.0320000000,0.0000000000,0.0000000000,-0.0151006700,-0.0021571990,0.9998837000,True,1.0000000000,4.0000000000,0.0320000000,0.0000000000,0.0000000000,-0.0151006700,-0.0021571990,0.9998837000,0.0000000000,0.0000000000,0.0000000000,-0.0151006700,-0.0021571990,0.9998837000,2.0000000000,1632,2,True,3,3,64.0000000000,
20.4262250029,18787636400,True,1.0000000000,4.0000000000,-0.0320000000,0.0000000000,0.0000000000,-0.0151006700,-0.0021571990,0.9998837000,True,1.0000000000,4.0000000000,0.0320000000,0.0000000000,0.0000000000,-0.0151006700,-0.0021571990,0.9998837000,0.0000000000,0.0000000000,0.0000000000,-0.0151006700,-0.0021571990,0.9998837000,2.0000000000,1633,2,True,3,3,64.0000000000,
20.4367044029,18798115900,True,1.0000000000,4.0000000000,-0.0320000000,0.0000000000,0.0000000000,-0.0151006700,-0.0021571990,0.9998837000,True,1.0000000000,4.0000000000,0.0320000000,0.0000000000,0.0000000000,-0.0151006700,-0.0021571990,0.9998837000,0.0000000000,0.0000000000,0.0000000000,-0.0151006700,-0.0021571990,0.9998837000,2.0000000000,1634,2,True,3,3,64.0000000000,
20.4472131029,18808624400,True,1.0000000000,4.0000000000,-0.0320000000,0.0000000000,0.0000000000,-0.0151006700,-0.0021571990,0.9998837000,True,1.0000000000,4.0000000000,0.0320000000,0.0000000000,0.0000000000,-0.0151006700,-0.0021571990,0.9998837000,0.0000000000,0.0000000000,0.0000000000,-0.0151006700,-0.0021571990,0.9998837000,2.0000000000,1635,2,True,3,3,64.0000000000,
20.4571599029,18818571400,True,1.0000000000,4.0000000000,-0.0320000000,0.0000000000,0.0000000000,-0.0151006700,-0.0021571990,0.9998837000,True,1.0000000000,4.0000000000,0.0320000000,0.0000000000,0.0000000000,-0.0151006700,-0.0021571990,0.9998837000,0.0000000000,0.0000000000,0.0000000000,-0.0151006700,-0.0021571990,0.9998837000,2.0000000000,1636,2,True,3,3,64.0000000000,
20.4672470029,18828658600,True,1.0000000000,4.0000000000,-0.0320000000,0.0000000000,0.0000000000,-0.0151006700,-0.0021571990,0.9998837000,True,1.0000000000,4.0000000000,0.0320000000,0.0000000000,0.0000000000,-0.0151006700,-0.0021571990,0.9998837000,0.0000000000,0.0000000000,0.0000000000,-0.0151006700,-0.0021571990,0.9998837000,2.0000000000,1637,2,True,3,3,64.0000000000,
20.4774974029,18838908900,True,1.0000000000,4.0000000000,-0.0320000000,0.0000000000,0.0000000000,-0.0151006700,-0.0021571990,0.9998837000,True,1.0000000000,4.0000000000,0.0320000000,0.0000000000,0.0000000000,-0.0151006700,-0.0021571990,0.9998837000,0.0000000000,0.0000000000,0.0000000000,-0.0151006700,-0.0021571990,0.9998837000,2.0000000000,1638,2,True,3,3,64.0000000000,
20.4876143029,18849025800,True,1.0000000000,4.0000000000,-0.0320000000,0.0000000000,0.0000000000,-0.0151006700,-0.0021571990,0.9998837000,True,1.0000000000,4.0000000000,0.0320000000,0.0000000000,0.0000000000,-0.0151006700,-0.0021571990,0.9998837000,0.0000000000,0.0000000000,0.0000000000,-0.0151006700,-0.0021571990,0.9998837000,2.0000000000,1639,2,True,3,3,64.0000000000,
20.4979801029,18859391600,True,1.0000000000,4.0000000000,-0.0320000000,0.0000000000,0.0000000000,-0.0151006700,-0.0021571990,0.9998837000,True,1.0000000000,4.0000000000,0.0320000000,0.0000000000,0.0000000000,-0.0151006700,-0.0021571990,0.9998837000,0.0000000000,0.0000000000,0.0000000000,-0.0151006700,-0.0021571990,0.9998837000,2.0000000000,1640,2,True,3,3,64.0000000000,
20.5090470029,18870458300,True,1.0000000000,4.0000000000,-0.0320000000,0.0000000000,0.0000000000,-0.0151006700,-0.0021571990,0.9998837000,True,1.0000000000,4.0000000000,0.0320000000,0.0000000000,0.0000000000,-0.0151006700,-0.0021571990,0.9998837000,0.0000000000,0.0000000000,0.0000000000,-0.0151006700,-0.0021571990,0.9998837000,2.0000000000,1641,2,True,3,3,64.0000000000,
20.5184990029,18879910400,True,1.0000000000,4.0000000000,-0.0320000000,0.0000000000,0.0000000000,-0.0151006700,-0.0021571990,0.9998837000,True,1.0000000000,4.0000000000,0.0320000000,0.0000000000,0.0000000000,-0.0151006700,-0.0021571990,0.9998837000,0.0000000000,0.0000000000,0.0000000000,-0.0151006700,-0.0021571990,0.9998837000,2.0000000000,1642,2,True,3,3,64.0000000000,
20.5285336029,18889945000,True,1.0000000000,4.0000000000,-0.0320000000,0.0000000000,0.0000000000,-0.0151006700,-0.0021571990,0.9998837000,True,1.0000000000,4.0000000000,0.0320000000,0.0000000000,0.0000000000,-0.0151006700,-0.0021571990,0.9998837000,0.0000000000,0.0000000000,0.0000000000,-0.0151006700,-0.0021571990,0.9998837000,2.0000000000,1643,2,True,3,3,64.0000000000,
20.5386667029,18900078100,True,1.0000000000,4.0000000000,-0.0320000000,0.0000000000,0.0000000000,-0.0151006700,-0.0021571990,0.9998837000,True,1.0000000000,4.0000000000,0.0320000000,0.0000000000,0.0000000000,-0.0151006700,-0.0021571990,0.9998837000,0.0000000000,0.0000000000,0.0000000000,-0.0151006700,-0.0021571990,0.9998837000,2.0000000000,1644,2,True,3,3,64.0000000000,
20.5489162029,18910327300,True,1.0000000000,4.0000000000,-0.0320000000,0.0000000000,0.0000000000,-0.0151006700,-0.0021571990,0.9998837000,True,1.0000000000,4.0000000000,0.0320000000,0.0000000000,0.0000000000,-0.0151006700,-0.0021571990,0.9998837000,0.0000000000,0.0000000000,0.0000000000,-0.0151006700,-0.0021571990,0.9998837000,2.0000000000,1645,2,True,3,3,64.0000000000,
20.5589862029,18920397600,True,1.0000000000,4.0000000000,-0.0320000000,0.0000000000,0.0000000000,-0.0151006700,-0.0021571990,0.9998837000,True,1.0000000000,4.0000000000,0.0320000000,0.0000000000,0.0000000000,-0.0151006700,-0.0021571990,0.9998837000,0.0000000000,0.0000000000,0.0000000000,-0.0151006700,-0.0021571990,0.9998837000,2.0000000000,1646,2,True,3,3,64.0000000000,
20.5697466029,18931157900,True,1.0000000000,4.0000000000,-0.0320000000,0.0000000000,0.0000000000,-0.0151006700,-0.0021571990,0.9998837000,True,1.0000000000,4.0000000000,0.0320000000,0.0000000000,0.0000000000,-0.0151006700,-0.0021571990,0.9998837000,0.0000000000,0.0000000000,0.0000000000,-0.0151006700,-0.0021571990,0.9998837000,2.0000000000,1647,2,True,3,3,64.0000000000,
20.5796058029,18941017200,True,1.0000000000,4.0000000000,-0.0320000000,0.0000000000,0.0000000000,-0.0151006700,-0.0021571990,0.9998837000,True,1.0000000000,4.0000000000,0.0320000000,0.0000000000,0.0000000000,-0.0151006700,-0.0021571990,0.9998837000,0.0000000000,0.0000000000,0.0000000000,-0.0151006700,-0.0021571990,0.9998837000,2.0000000000,1648,2,True,3,3,64.0000000000,
20.5899885029,18951400000,True,1.0000000000,4.0000000000,-0.0320000000,0.0000000000,0.0000000000,-0.0151006700,-0.0021571990,0.9998837000,True,1.0000000000,4.0000000000,0.0320000000,0.0000000000,0.0000000000,-0.0151006700,-0.0021571990,0.9998837000,0.0000000000,0.0000000000,0.0000000000,-0.0151006700,-0.0021571990,0.9998837000,2.0000000000,1649,2,True,3,3,64.0000000000,
20.6002869029,18961698400,True,1.0000000000,4.0000000000,-0.0320000000,0.0000000000,0.0000000000,-0.0151006700,-0.0021571990,0.9998837000,True,1.0000000000,4.0000000000,0.0320000000,0.0000000000,0.0000000000,-0.0151006700,-0.0021571990,0.9998837000,0.0000000000,0.0000000000,0.0000000000,-0.0151006700,-0.0021571990,0.9998837000,2.0000000000,1650,2,True,3,3,64.0000000000,
20.6106375029,18972048900,True,1.0000000000,4.0000000000,-0.0320000000,0.0000000000,0.0000000000,-0.0151006700,-0.0021571990,0.9998837000,True,1.0000000000,4.0000000000,0.0320000000,0.0000000000,0.0000000000,-0.0151006700,-0.0021571990,0.9998837000,0.0000000000,0.0000000000,0.0000000000,-0.0151006700,-0.0021571990,0.9998837000,2.0000000000,1651,2,True,3,3,64.0000000000,
20.6209200029,18982331400,True,1.0000000000,4.0000000000,-0.0320000000,0.0000000000,0.0000000000,-0.0151006700,-0.0021571990,0.9998837000,True,1.0000000000,4.0000000000,0.0320000000,0.0000000000,0.0000000000,-0.0151006700,-0.0021571990,0.9998837000,0.0000000000,0.0000000000,0.0000000000,-0.0151006700,-0.0021571990,0.9998837000,2.0000000000,1652,2,True,3,3,64.0000000000,
20.6307511029,18992162500,True,1.0000000000,4.0000000000,-0.0320000000,0.0000000000,0.0000000000,-0.0151006700,-0.0021571990,0.9998837000,True,1.0000000000,4.0000000000,0.0320000000,0.0000000000,0.0000000000,-0.0151006700,-0.0021571990,0.9998837000,0.0000000000,0.0000000000,0.0000000000,-0.0151006700,-0.0021571990,0.9998837000,2.0000000000,1653,2,True,3,3,64.0000000000,
20.6408586029,19002270100,True,1.0000000000,4.0000000000,-0.0320000000,0.0000000000,0.0000000000,-0.0151006700,-0.0021571990,0.9998837000,True,1.0000000000,4.0000000000,0.0320000000,0.0000000000,0.0000000000,-0.0151006700,-0.0021571990,0.9998837000,0.0000000000,0.0000000000,0.0000000000,-0.0151006700,-0.0021571990,0.9998837000,2.0000000000,1654,2,True,3,3,64.0000000000,
20.6508037029,19012215200,True,1.0000000000,4.0000000000,-0.0320000000,0.0000000000,0.0000000000,-0.0151006700,-0.0021571990,0.9998837000,True,1.0000000000,4.0000000000,0.0320000000,0.0000000000,0.0000000000,-0.0151006700,-0.0021571990,0.9998837000,0.0000000000,0.0000000000,0.0000000000,-0.0151006700,-0.0021571990,0.9998837000,2.0000000000,1655,2,True,3,3,64.0000000000,
20.6607995029,19022211100,True,1.0000000000,4.0000000000,-0.0320000000,0.0000000000,0.0000000000,-0.0151006700,-0.0021571990,0.9998837000,True,1.0000000000,4.0000000000,0.0320000000,0.0000000000,0.0000000000,-0.0151006700,-0.0021571990,0.9998837000,0.0000000000,0.0000000000,0.0000000000,-0.0151006700,-0.0021571990,0.9998837000,2.0000000000,1656,2,True,3,3,64.0000000000,
20.6709065029,19032318100,True,1.0000000000,4.0000000000,-0.0320000000,0.0000000000,0.0000000000,-0.0151006700,-0.0021571990,0.9998837000,True,1.0000000000,4.0000000000,0.0320000000,0.0000000000,0.0000000000,-0.0151006700,-0.0021571990,0.9998837000,0.0000000000,0.0000000000,0.0000000000,-0.0151006700,-0.0021571990,0.9998837000,2.0000000000,1657,2,True,3,3,64.0000000000,
20.6812062029,19042617800,True,1.0000000000,4.0000000000,-0.0320000000,0.0000000000,0.0000000000,-0.0151006700,-0.0021571990,0.9998837000,True,1.0000000000,4.0000000000,0.0320000000,0.0000000000,0.0000000000,-0.0151006700,-0.0021571990,0.9998837000,0.0000000000,0.0000000000,0.0000000000,-0.0151006700,-0.0021571990,0.9998837000,2.0000000000,1658,2,True,3,3,64.0000000000,
20.6913293029,19052740800,True,1.0000000000,4.0000000000,-0.0320000000,0.0000000000,0.0000000000,-0.0151006700,-0.0021571990,0.9998837000,True,1.0000000000,4.0000000000,0.0320000000,0.0000000000,0.0000000000,-0.0151006700,-0.0021571990,0.9998837000,0.0000000000,0.0000000000,0.0000000000,-0.0151006700,-0.0021571990,0.9998837000,2.0000000000,1659,2,True,3,3,64.0000000000,
20.7016937029,19063104800,True,1.0000000000,4.0000000000,-0.0320000000,0.0000000000,0.0000000000,-0.0151006700,-0.0021571990,0.9998837000,True,1.0000000000,4.0000000000,0.0320000000,0.0000000000,0.0000000000,-0.0151006700,-0.0021571990,0.9998837000,0.0000000000,0.0000000000,0.0000000000,-0.0151006700,-0.0021571990,0.9998837000,2.0000000000,1660,2,True,3,3,64.0000000000,
20.7122962029,19073707700,True,1.0000000000,4.0000000000,-0.0320000000,0.0000000000,0.0000000000,-0.0151006700,-0.0021571990,0.9998837000,True,1.0000000000,4.0000000000,0.0320000000,0.0000000000,0.0000000000,-0.0151006700,-0.0021571990,0.9998837000,0.0000000000,0.0000000000,0.0000000000,-0.0151006700,-0.0021571990,0.9998837000,2.0000000000,1661,2,True,3,3,64.0000000000,
20.7223050029,19083716500,True,1.0000000000,4.0000000000,-0.0320000000,0.0000000000,0.0000000000,-0.0151006700,-0.0021571990,0.9998837000,True,1.0000000000,4.0000000000,0.0320000000,0.0000000000,0.0000000000,-0.0151006700,-0.0021571990,0.9998837000,0.0000000000,0.0000000000,0.0000000000,-0.0151006700,-0.0021571990,0.9998837000,2.0000000000,1662,2,True,3,3,64.0000000000,
20.7325101029,19093921700,True,1.0000000000,4.0000000000,-0.0320000000,0.0000000000,0.0000000000,-0.0151006700,-0.0021571990,0.9998837000,True,1.0000000000,4.0000000000,0.0320000000,0.0000000000,0.0000000000,-0.0151006700,-0.0021571990,0.9998837000,0.0000000000,0.0000000000,0.0000000000,-0.0151006700,-0.0021571990,0.9998837000,2.0000000000,1663,2,True,3,3,64.0000000000,
20.7427708029,19104182200,True,1.0000000000,4.0000000000,-0.0320000000,0.0000000000,0.0000000000,-0.0151006700,-0.0021571990,0.9998837000,True,1.0000000000,4.0000000000,0.0320000000,0.0000000000,0.0000000000,-0.0151006700,-0.0021571990,0.9998837000,0.0000000000,0.0000000000,0.0000000000,-0.0151006700,-0.0021571990,0.9998837000,2.0000000000,1664,2,True,3,3,64.0000000000,
20.7542286029,19115639700,True,1.0000000000,4.0000000000,-0.0320000000,0.0000000000,0.0000000000,-0.0151006700,-0.0021571990,0.9998837000,True,1.0000000000,4.0000000000,0.0320000000,0.0000000000,0.0000000000,-0.0151006700,-0.0021571990,0.9998837000,0.0000000000,0.0000000000,0.0000000000,-0.0151006700,-0.0021571990,0.9998837000,2.0000000000,1665,2,True,3,3,64.0000000000,
20.7641344029,19125545700,True,1.0000000000,4.0000000000,-0.0320000000,0.0000000000,0.0000000000,-0.0151006700,-0.0021571990,0.9998837000,True,1.0000000000,4.0000000000,0.0320000000,0.0000000000,0.0000000000,-0.0151006700,-0.0021571990,0.9998837000,0.0000000000,0.0000000000,0.0000000000,-0.0151006700,-0.0021571990,0.9998837000,2.0000000000,1666,2,True,3,3,64.0000000000,
20.7745670029,19135978300,True,1.0000000000,4.0000000000,-0.0320000000,0.0000000000,0.0000000000,-0.0151006700,-0.0021571990,0.9998837000,True,1.0000000000,4.0000000000,0.0320000000,0.0000000000,0.0000000000,-0.0151006700,-0.0021571990,0.9998837000,0.0000000000,0.0000000000,0.0000000000,-0.0151006700,-0.0021571990,0.9998837000,2.0000000000,1667,2,True,3,3,64.0000000000,
20.7844713029,19145882800,True,1.0000000000,4.0000000000,-0.0320000000,0.0000000000,0.0000000000,-0.0151006700,-0.0021571990,0.9998837000,True,1.0000000000,4.0000000000,0.0320000000,0.0000000000,0.0000000000,-0.0151006700,-0.0021571990,0.9998837000,0.0000000000,0.0000000000,0.0000000000,-0.0151006700,-0.0021571990,0.9998837000,2.0000000000,1668,2,True,3,3,64.0000000000,
20.7949255029,19156337100,True,1.0000000000,4.0000000000,-0.0320000000,0.0000000000,0.0000000000,-0.0151006700,-0.0021571990,0.9998837000,True,1.0000000000,4.0000000000,0.0320000000,0.0000000000,0.0000000000,-0.0151006700,-0.0021571990,0.9998837000,0.0000000000,0.0000000000,0.0000000000,-0.0151006700,-0.0021571990,0.9998837000,2.0000000000,1669,2,True,3,3,64.0000000000,
20.8054148029,19166826200,True,1.0000000000,4.0000000000,-0.0320000000,0.0000000000,0.0000000000,-0.0151006700,-0.0021571990,0.9998837000,True,1.0000000000,4.0000000000,0.0320000000,0.0000000000,0.0000000000,-0.0151006700,-0.0021571990,0.9998837000,0.0000000000,0.0000000000,0.0000000000,-0.0151006700,-0.0021571990,0.9998837000,2.0000000000,1670,2,True,3,3,64.0000000000,
20.8162638029,19177675300,True,1.0000000000,4.0000000000,-0.0320000000,0.0000000000,0.0000000000,-0.0151006700,-0.0021571990,0.9998837000,True,1.0000000000,4.0000000000,0.0320000000,0.0000000000,0.0000000000,-0.0151006700,-0.0021571990,0.9998837000,0.0000000000,0.0000000000,0.0000000000,-0.0151006700,-0.0021571990,0.9998837000,2.0000000000,1671,2,True,3,3,64.0000000000,
20.8266027029,19188014200,True,1.0000000000,4.0000000000,-0.0320000000,0.0000000000,0.0000000000,-0.0151006700,-0.0021571990,0.9998837000,True,1.0000000000,4.0000000000,0.0320000000,0.0000000000,0.0000000000,-0.0151006700,-0.0021571990,0.9998837000,0.0000000000,0.0000000000,0.0000000000,-0.0151006700,-0.0021571990,0.9998837000,2.0000000000,1672,2,True,3,3,64.0000000000,
20.8367504029,19198161900,True,1.0000000000,4.0000000000,-0.0320000000,0.0000000000,0.0000000000,-0.0151006700,-0.0021571990,0.9998837000,True,1.0000000000,4.0000000000,0.0320000000,0.0000000000,0.0000000000,-0.0151006700,-0.0021571990,0.9998837000,0.0000000000,0.0000000000,0.0000000000,-0.0151006700,-0.0021571990,0.9998837000,2.0000000000,1673,2,True,3,3,64.0000000000,
20.8468735029,19208285000,True,1.0000000000,4.0000000000,-0.0320000000,0.0000000000,0.0000000000,-0.0151006700,-0.0021571990,0.9998837000,True,1.0000000000,4.0000000000,0.0320000000,0.0000000000,0.0000000000,-0.0151006700,-0.0021571990,0.9998837000,0.0000000000,0.0000000000,0.0000000000,-0.0151006700,-0.0021571990,0.9998837000,2.0000000000,1674,2,True,3,3,64.0000000000,
20.8575003029,19218911600,True,1.0000000000,4.0000000000,-0.0320000000,0.0000000000,0.0000000000,-0.0151006700,-0.0021571990,0.9998837000,True,1.0000000000,4.0000000000,0.0320000000,0.0000000000,0.0000000000,-0.0151006700,-0.0021571990,0.9998837000,0.0000000000,0.0000000000,0.0000000000,-0.0151006700,-0.0021571990,0.9998837000,2.0000000000,1675,2,True,3,3,64.0000000000,
20.8684774029,19229888400,True,1.0000000000,4.0000000000,-0.0320000000,0.0000000000,0.0000000000,-0.0151006700,-0.0021571990,0.9998837000,True,1.0000000000,4.0000000000,0.0320000000,0.0000000000,0.0000000000,-0.0151006700,-0.0021571990,0.9998837000,0.0000000000,0.0000000000,0.0000000000,-0.0151006700,-0.0021571990,0.9998837000,2.0000000000,1676,2,True,3,3,64.0000000000,
20.8780231029,19239434500,True,1.0000000000,4.0000000000,-0.0320000000,0.0000000000,0.0000000000,-0.0151006700,-0.0021571990,0.9998837000,True,1.0000000000,4.0000000000,0.0320000000,0.0000000000,0.0000000000,-0.0151006700,-0.0021571990,0.9998837000,0.0000000000,0.0000000000,0.0000000000,-0.0151006700,-0.0021571990,0.9998837000,2.0000000000,1677,2,True,3,3,64.0000000000,
20.8879998029,19249411300,True,1.0000000000,4.0000000000,-0.0320000000,0.0000000000,0.0000000000,-0.0151006700,-0.0021571990,0.9998837000,True,1.0000000000,4.0000000000,0.0320000000,0.0000000000,0.0000000000,-0.0151006700,-0.0021571990,0.9998837000,0.0000000000,0.0000000000,0.0000000000,-0.0151006700,-0.0021571990,0.9998837000,2.0000000000,1678,2,True,3,3,64.0000000000,
20.8981671029,19259578600,True,1.0000000000,4.0000000000,-0.0320000000,0.0000000000,0.0000000000,-0.0151006700,-0.0021571990,0.9998837000,True,1.0000000000,4.0000000000,0.0320000000,0.0000000000,0.0000000000,-0.0151006700,-0.0021571990,0.9998837000,0.0000000000,0.0000000000,0.0000000000,-0.0151006700,-0.0021571990,0.9998837000,2.0000000000,1679,2,True,3,3,64.0000000000,
20.9082647029,19269676300,True,1.0000000000,4.0000000000,-0.0320000000,0.0000000000,0.0000000000,-0.0151006700,-0.0021571990,0.9998837000,True,1.0000000000,4.0000000000,0.0320000000,0.0000000000,0.0000000000,-0.0151006700,-0.0021571990,0.9998837000,0.0000000000,0.0000000000,0.0000000000,-0.0151006700,-0.0021571990,0.9998837000,2.0000000000,1680,2,True,3,3,64.0000000000,
20.9187752029,19280186500,True,1.0000000000,4.0000000000,-0.0320000000,0.0000000000,0.0000000000,-0.0151006700,-0.0021571990,0.9998837000,True,1.0000000000,4.0000000000,0.0320000000,0.0000000000,0.0000000000,-0.0151006700,-0.0021571990,0.9998837000,0.0000000000,0.0000000000,0.0000000000,-0.0151006700,-0.0021571990,0.9998837000,2.0000000000,1681,2,True,3,3,64.0000000000,
20.9289448029,19290356400,True,1.0000000000,4.0000000000,-0.0320000000,0.0000000000,0.0000000000,-0.0151006700,-0.0021571990,0.9998837000,True,1.0000000000,4.0000000000,0.0320000000,0.0000000000,0.0000000000,-0.0151006700,-0.0021571990,0.9998837000,0.0000000000,0.0000000000,0.0000000000,-0.0151006700,-0.0021571990,0.9998837000,2.0000000000,1682,2,True,3,3,64.0000000000,
20.9390700029,19300481500,True,1.0000000000,4.0000000000,-0.0320000000,0.0000000000,0.0000000000,-0.0151006700,-0.0021571990,0.9998837000,True,1.0000000000,4.0000000000,0.0320000000,0.0000000000,0.0000000000,-0.0151006700,-0.0021571990,0.9998837000,0.0000000000,0.0000000000,0.0000000000,-0.0151006700,-0.0021571990,0.9998837000,2.0000000000,1683,2,True,3,3,64.0000000000,
20.9497892029,19311200800,True,1.0000000000,4.0000000000,-0.0320000000,0.0000000000,0.0000000000,-0.0151006700,-0.0021571990,0.9998837000,True,1.0000000000,4.0000000000,0.0320000000,0.0000000000,0.0000000000,-0.0151006700,-0.0021571990,0.9998837000,0.0000000000,0.0000000000,0.0000000000,-0.0151006700,-0.0021571990,0.9998837000,2.0000000000,1684,2,True,3,3,64.0000000000,
20.9599066029,19321318200,True,1.0000000000,4.0000000000,-0.0320000000,0.0000000000,0.0000000000,-0.0151006700,-0.0021571990,0.9998837000,True,1.0000000000,4.0000000000,0.0320000000,0.0000000000,0.0000000000,-0.0151006700,-0.0021571990,0.9998837000,0.0000000000,0.0000000000,0.0000000000,-0.0151006700,-0.0021571990,0.9998837000,2.0000000000,1685,2,True,3,3,64.0000000000,
20.9699532029,19331364700,True,1.0000000000,4.0000000000,-0.0320000000,0.0000000000,0.0000000000,-0.0151006700,-0.0021571990,0.9998837000,True,1.0000000000,4.0000000000,0.0320000000,0.0000000000,0.0000000000,-0.0151006700,-0.0021571990,0.9998837000,0.0000000000,0.0000000000,0.0000000000,-0.0151006700,-0.0021571990,0.9998837000,2.0000000000,1686,2,True,3,3,64.0000000000,
20.9806317029,19342043300,True,1.0000000000,4.0000000000,-0.0320000000,0.0000000000,0.0000000000,-0.0151006700,-0.0021571990,0.9998837000,True,1.0000000000,4.0000000000,0.0320000000,0.0000000000,0.0000000000,-0.0151006700,-0.0021571990,0.9998837000,0.0000000000,0.0000000000,0.0000000000,-0.0151006700,-0.0021571990,0.9998837000,2.0000000000,1687,2,True,3,3,64.0000000000,
20.9914153029,19352826700,True,1.0000000000,4.0000000000,-0.0320000000,0.0000000000,0.0000000000,-0.0151006700,-0.0021571990,0.9998837000,True,1.0000000000,4.0000000000,0.0320000000,0.0000000000,0.0000000000,-0.0151006700,-0.0021571990,0.9998837000,0.0000000000,0.0000000000,0.0000000000,-0.0151006700,-0.0021571990,0.9998837000,2.0000000000,1688,2,True,3,3,64.0000000000,
21.0013064029,19362717900,True,1.0000000000,4.0000000000,-0.0320000000,0.0000000000,0.0000000000,-0.0151006700,-0.0021571990,0.9998837000,True,1.0000000000,4.0000000000,0.0320000000,0.0000000000,0.0000000000,-0.0151006700,-0.0021571990,0.9998837000,0.0000000000,0.0000000000,0.0000000000,-0.0151006700,-0.0021571990,0.9998837000,2.0000000000,1689,2,True,3,3,64.0000000000,
21.0121059029,19373517300,True,1.0000000000,4.0000000000,-0.0320000000,0.0000000000,0.0000000000,-0.0151006700,-0.0021571990,0.9998837000,True,1.0000000000,4.0000000000,0.0320000000,0.0000000000,0.0000000000,-0.0151006700,-0.0021571990,0.9998837000,0.0000000000,0.0000000000,0.0000000000,-0.0151006700,-0.0021571990,0.9998837000,2.0000000000,1690,2,True,3,3,64.0000000000,
21.0223944029,19383805900,True,1.0000000000,4.0000000000,-0.0320000000,0.0000000000,0.0000000000,-0.0151006700,-0.0021571990,0.9998837000,True,1.0000000000,4.0000000000,0.0320000000,0.0000000000,0.0000000000,-0.0151006700,-0.0021571990,0.9998837000,0.0000000000,0.0000000000,0.0000000000,-0.0151006700,-0.0021571990,0.9998837000,2.0000000000,1691,2,True,3,3,64.0000000000,
21.0323738029,19393785300,True,1.0000000000,4.0000000000,-0.0320000000,0.0000000000,0.0000000000,-0.0151006700,-0.0021571990,0.9998837000,True,1.0000000000,4.0000000000,0.0320000000,0.0000000000,0.0000000000,-0.0151006700,-0.0021571990,0.9998837000,0.0000000000,0.0000000000,0.0000000000,-0.0151006700,-0.0021571990,0.9998837000,2.0000000000,1692,2,True,3,3,64.0000000000,
21.0424967029,19403908100,True,1.0000000000,4.0000000000,-0.0320000000,0.0000000000,0.0000000000,-0.0151006700,-0.0021571990,0.9998837000,True,1.0000000000,4.0000000000,0.0320000000,0.0000000000,0.0000000000,-0.0151006700,-0.0021571990,0.9998837000,0.0000000000,0.0000000000,0.0000000000,-0.0151006700,-0.0021571990,0.9998837000,2.0000000000,1693,2,True,3,3,64.0000000000,
21.0526593029,19414070800,True,1.0000000000,4.0000000000,-0.0320000000,0.0000000000,0.0000000000,-0.0151006700,-0.0021571990,0.9998837000,True,1.0000000000,4.0000000000,0.0320000000,0.0000000000,0.0000000000,-0.0151006700,-0.0021571990,0.9998837000,0.0000000000,0.0000000000,0.0000000000,-0.0151006700,-0.0021571990,0.9998837000,2.0000000000,1694,2,True,3,3,64.0000000000,
21.0625452029,19423956800,True,1.0000000000,4.0000000000,-0.0320000000,0.0000000000,0.0000000000,-0.0151006700,-0.0021571990,0.9998837000,True,1.0000000000,4.0000000000,0.0320000000,0.0000000000,0.0000000000,-0.0151006700,-0.0021571990,0.9998837000,0.0000000000,0.0000000000,0.0000000000,-0.0151006700,-0.0021571990,0.9998837000,2.0000000000,1695,2,True,3,3,64.0000000000,
21.0730565029,19434468000,True,1.0000000000,4.0000000000,-0.0320000000,0.0000000000,0.0000000000,-0.0151006700,-0.0021571990,0.9998837000,True,1.0000000000,4.0000000000,0.0320000000,0.0000000000,0.0000000000,-0.0151006700,-0.0021571990,0.9998837000,0.0000000000,0.0000000000,0.0000000000,-0.0151006700,-0.0021571990,0.9998837000,2.0000000000,1696,2,True,3,3,64.0000000000,
21.0831336029,19444545100,True,1.0000000000,4.0000000000,-0.0320000000,0.0000000000,0.0000000000,-0.0151006700,-0.0021571990,0.9998837000,True,1.0000000000,4.0000000000,0.0320000000,0.0000000000,0.0000000000,-0.0151006700,-0.0021571990,0.9998837000,0.0000000000,0.0000000000,0.0000000000,-0.0151006700,-0.0021571990,0.9998837000,2.0000000000,1697,2,True,3,3,64.0000000000,
21.0920973029,19453508800,True,1.0000000000,4.0000000000,-0.0320000000,0.0000000000,0.0000000000,-0.0151006700,-0.0021571990,0.9998837000,True,1.0000000000,4.0000000000,0.0320000000,0.0000000000,0.0000000000,-0.0151006700,-0.0021571990,0.9998837000,0.0000000000,0.0000000000,0.0000000000,-0.0151006700,-0.0021571990,0.9998837000,2.0000000000,1698,2,True,3,3,64.0000000000,
21.1006152029,19462026800,True,1.0000000000,4.0000000000,-0.0320000000,0.0000000000,0.0000000000,-0.0151006700,-0.0021571990,0.9998837000,True,1.0000000000,4.0000000000,0.0320000000,0.0000000000,0.0000000000,-0.0151006700,-0.0021571990,0.9998837000,0.0000000000,0.0000000000,0.0000000000,-0.0151006700,-0.0021571990,0.9998837000,2.0000000000,1699,2,True,3,3,64.0000000000,
21.1091393029,19470550900,True,1.0000000000,4.0000000000,-0.0320000000,0.0000000000,0.0000000000,-0.0151006700,-0.0021571990,0.9998837000,True,1.0000000000,4.0000000000,0.0320000000,0.0000000000,0.0000000000,-0.0151006700,-0.0021571990,0.9998837000,0.0000000000,0.0000000000,0.0000000000,-0.0151006700,-0.0021571990,0.9998837000,2.0000000000,1700,2,True,3,3,64.0000000000,
21.1174527029,19478863700,True,1.0000000000,4.0000000000,-0.0320000000,0.0000000000,0.0000000000,-0.0151006700,-0.0021571990,0.9998837000,True,1.0000000000,4.0000000000,0.0320000000,0.0000000000,0.0000000000,-0.0151006700,-0.0021571990,0.9998837000,0.0000000000,0.0000000000,0.0000000000,-0.0151006700,-0.0021571990,0.9998837000,2.0000000000,1701,2,True,3,3,64.0000000000,
21.1264945029,19487905900,True,1.0000000000,4.0000000000,-0.0320000000,0.0000000000,0.0000000000,-0.0151006700,-0.0021571990,0.9998837000,True,1.0000000000,4.0000000000,0.0320000000,0.0000000000,0.0000000000,-0.0151006700,-0.0021571990,0.9998837000,0.0000000000,0.0000000000,0.0000000000,-0.0151006700,-0.0021571990,0.9998837000,2.0000000000,1702,2,True,3,3,64.0000000000,
21.1368946029,19498306100,True,1.0000000000,4.0000000000,-0.0320000000,0.0000000000,0.0000000000,-0.0151006700,-0.0021571990,0.9998837000,True,1.0000000000,4.0000000000,0.0320000000,0.0000000000,0.0000000000,-0.0151006700,-0.0021571990,0.9998837000,0.0000000000,0.0000000000,0.0000000000,-0.0151006700,-0.0021571990,0.9998837000,2.0000000000,1703,2,True,3,3,64.0000000000,
21.1469707029,19508382200,True,1.0000000000,4.0000000000,-0.0320000000,0.0000000000,0.0000000000,-0.0151006700,-0.0021571990,0.9998837000,True,1.0000000000,4.0000000000,0.0320000000,0.0000000000,0.0000000000,-0.0151006700,-0.0021571990,0.9998837000,0.0000000000,0.0000000000,0.0000000000,-0.0151006700,-0.0021571990,0.9998837000,2.0000000000,1704,2,True,3,3,64.0000000000,
21.1577852029,19519196600,True,1.0000000000,4.0000000000,-0.0320000000,0.0000000000,0.0000000000,-0.0151006700,-0.0021571990,0.9998837000,True,1.0000000000,4.0000000000,0.0320000000,0.0000000000,0.0000000000,-0.0151006700,-0.0021571990,0.9998837000,0.0000000000,0.0000000000,0.0000000000,-0.0151006700,-0.0021571990,0.9998837000,2.0000000000,1705,2,True,3,3,64.0000000000,
21.1677689029,19529180400,True,1.0000000000,4.0000000000,-0.0320000000,0.0000000000,0.0000000000,-0.0151006700,-0.0021571990,0.9998837000,True,1.0000000000,4.0000000000,0.0320000000,0.0000000000,0.0000000000,-0.0151006700,-0.0021571990,0.9998837000,0.0000000000,0.0000000000,0.0000000000,-0.0151006700,-0.0021571990,0.9998837000,2.0000000000,1706,2,True,3,3,64.0000000000,
21.1778671029,19539278600,True,1.0000000000,4.0000000000,-0.0320000000,0.0000000000,0.0000000000,-0.0151006700,-0.0021571990,0.9998837000,True,1.0000000000,4.0000000000,0.0320000000,0.0000000000,0.0000000000,-0.0151006700,-0.0021571990,0.9998837000,0.0000000000,0.0000000000,0.0000000000,-0.0151006700,-0.0021571990,0.9998837000,2.0000000000,1707,2,True,3,3,64.0000000000,
21.1928837029,19554295200,True,1.0000000000,4.0000000000,-0.0320000000,0.0000000000,0.0000000000,-0.0151006700,-0.0021571990,0.9998837000,True,1.0000000000,4.0000000000,0.0320000000,0.0000000000,0.0000000000,-0.0151006700,-0.0021571990,0.9998837000,0.0000000000,0.0000000000,0.0000000000,-0.0151006700,-0.0021571990,0.9998837000,2.0000000000,1708,2,True,3,3,64.0000000000,
21.2011507029,19562562000,True,1.0000000000,4.0000000000,-0.0320000000,0.0000000000,0.0000000000,-0.0151006700,-0.0021571990,0.9998837000,True,1.0000000000,4.0000000000,0.0320000000,0.0000000000,0.0000000000,-0.0151006700,-0.0021571990,0.9998837000,0.0000000000,0.0000000000,0.0000000000,-0.0151006700,-0.0021571990,0.9998837000,2.0000000000,1709,2,True,3,3,64.0000000000,
21.2151524029,19576563700,True,1.0000000000,4.0000000000,-0.0320000000,0.0000000000,0.0000000000,-0.0151006700,-0.0021571990,0.9998837000,True,1.0000000000,4.0000000000,0.0320000000,0.0000000000,0.0000000000,-0.0151006700,-0.0021571990,0.9998837000,0.0000000000,0.0000000000,0.0000000000,-0.0151006700,-0.0021571990,0.9998837000,2.0000000000,1710,2,True,3,3,64.0000000000,TrialResponse;sequence=1;attempt=1;response=Convex;response_s=1.3530;valid=1|StimulusHidden;visual_space_l=0.500;fov_deg=90.00;edge_softness_deg=1.00;circular_aperture=True;grid_spacing_deg=10.00;grid_spacing_uv=0.176327;content_zoom=1.000;eye=BothEyes
21.2236669029,19585078300,True,1.0000000000,4.0000000000,-0.0320000000,0.0000000000,0.0000000000,-0.0151006700,-0.0021571990,0.9998837000,True,1.0000000000,4.0000000000,0.0320000000,0.0000000000,0.0000000000,-0.0151006700,-0.0021571990,0.9998837000,0.0000000000,0.0000000000,0.0000000000,-0.0151006700,-0.0021571990,0.9998837000,2.0000000000,1711,2,True,3,3,64.0000000000,
21.2317911029,19593202600,True,1.0000000000,4.0000000000,-0.0320000000,0.0000000000,0.0000000000,-0.0151006700,-0.0021571990,0.9998837000,True,1.0000000000,4.0000000000,0.0320000000,0.0000000000,0.0000000000,-0.0151006700,-0.0021571990,0.9998837000,0.0000000000,0.0000000000,0.0000000000,-0.0151006700,-0.0021571990,0.9998837000,2.0000000000,1712,2,True,3,3,64.0000000000,
21.2413830029,19602794400,True,1.0000000000,4.0000000000,-0.0320000000,0.0000000000,0.0000000000,-0.0151006700,-0.0021571990,0.9998837000,True,1.0000000000,4.0000000000,0.0320000000,0.0000000000,0.0000000000,-0.0151006700,-0.0021571990,0.9998837000,0.0000000000,0.0000000000,0.0000000000,-0.0151006700,-0.0021571990,0.9998837000,2.0000000000,1713,2,True,3,3,64.0000000000,
21.2519255029,19613337000,True,1.0000000000,4.0000000000,-0.0320000000,0.0000000000,0.0000000000,-0.0151006700,-0.0021571990,0.9998837000,True,1.0000000000,4.0000000000,0.0320000000,0.0000000000,0.0000000000,-0.0151006700,-0.0021571990,0.9998837000,0.0000000000,0.0000000000,0.0000000000,-0.0151006700,-0.0021571990,0.9998837000,2.0000000000,1714,2,True,3,3,64.0000000000,
21.2625640029,19623975100,True,1.0000000000,4.0000000000,-0.0320000000,0.0000000000,0.0000000000,-0.0151006700,-0.0021571990,0.9998837000,True,1.0000000000,4.0000000000,0.0320000000,0.0000000000,0.0000000000,-0.0151006700,-0.0021571990,0.9998837000,0.0000000000,0.0000000000,0.0000000000,-0.0151006700,-0.0021571990,0.9998837000,2.0000000000,1715,2,True,3,3,64.0000000000,
21.2735645029,19634976000,True,1.0000000000,4.0000000000,-0.0320000000,0.0000000000,0.0000000000,-0.0151006700,-0.0021571990,0.9998837000,True,1.0000000000,4.0000000000,0.0320000000,0.0000000000,0.0000000000,-0.0151006700,-0.0021571990,0.9998837000,0.0000000000,0.0000000000,0.0000000000,-0.0151006700,-0.0021571990,0.9998837000,2.0000000000,1716,2,True,3,3,64.0000000000,
21.2841405029,19645552100,True,1.0000000000,4.0000000000,-0.0320000000,0.0000000000,0.0000000000,-0.0151006700,-0.0021571990,0.9998837000,True,1.0000000000,4.0000000000,0.0320000000,0.0000000000,0.0000000000,-0.0151006700,-0.0021571990,0.9998837000,0.0000000000,0.0000000000,0.0000000000,-0.0151006700,-0.0021571990,0.9998837000,2.0000000000,1717,2,True,3,3,64.0000000000,
21.2944550029,19655866400,True,1.0000000000,4.0000000000,-0.0320000000,0.0000000000,0.0000000000,-0.0151006700,-0.0021571990,0.9998837000,True,1.0000000000,4.0000000000,0.0320000000,0.0000000000,0.0000000000,-0.0151006700,-0.0021571990,0.9998837000,0.0000000000,0.0000000000,0.0000000000,-0.0151006700,-0.0021571990,0.9998837000,2.0000000000,1718,2,True,3,3,64.0000000000,
21.3054390029,19666850500,True,1.0000000000,4.0000000000,-0.0320000000,0.0000000000,0.0000000000,-0.0151006700,-0.0021571990,0.9998837000,True,1.0000000000,4.0000000000,0.0320000000,0.0000000000,0.0000000000,-0.0151006700,-0.0021571990,0.9998837000,0.0000000000,0.0000000000,0.0000000000,-0.0151006700,-0.0021571990,0.9998837000,2.0000000000,1719,2,True,3,3,64.0000000000,
21.3162346029,19677645900,True,1.0000000000,4.0000000000,-0.0320000000,0.0000000000,0.0000000000,-0.0151006700,-0.0021571990,0.9998837000,True,1.0000000000,4.0000000000,0.0320000000,0.0000000000,0.0000000000,-0.0151006700,-0.0021571990,0.9998837000,0.0000000000,0.0000000000,0.0000000000,-0.0151006700,-0.0021571990,0.9998837000,2.0000000000,1720,2,True,3,3,64.0000000000,
21.3258221029,19687233700,True,1.0000000000,4.0000000000,-0.0320000000,0.0000000000,0.0000000000,-0.0151006700,-0.0021571990,0.9998837000,True,1.0000000000,4.0000000000,0.0320000000,0.0000000000,0.0000000000,-0.0151006700,-0.0021571990,0.9998837000,0.0000000000,0.0000000000,0.0000000000,-0.0151006700,-0.0021571990,0.9998837000,2.0000000000,1721,2,True,3,3,64.0000000000,
21.3363472029,19697758600,True,1.0000000000,4.0000000000,-0.0320000000,0.0000000000,0.0000000000,-0.0151006700,-0.0021571990,0.9998837000,True,1.0000000000,4.0000000000,0.0320000000,0.0000000000,0.0000000000,-0.0151006700,-0.0021571990,0.9998837000,0.0000000000,0.0000000000,0.0000000000,-0.0151006700,-0.0021571990,0.9998837000,2.0000000000,1722,2,True,3,3,64.0000000000,
21.3469392029,19708350600,True,1.0000000000,4.0000000000,-0.0320000000,0.0000000000,0.0000000000,-0.0151006700,-0.0021571990,0.9998837000,True,1.0000000000,4.0000000000,0.0320000000,0.0000000000,0.0000000000,-0.0151006700,-0.0021571990,0.9998837000,0.0000000000,0.0000000000,0.0000000000,-0.0151006700,-0.0021571990,0.9998837000,2.0000000000,1723,2,True,3,3,64.0000000000,
21.3573981029,19718809500,True,1.0000000000,4.0000000000,-0.0320000000,0.0000000000,0.0000000000,-0.0151006700,-0.0021571990,0.9998837000,True,1.0000000000,4.0000000000,0.0320000000,0.0000000000,0.0000000000,-0.0151006700,-0.0021571990,0.9998837000,0.0000000000,0.0000000000,0.0000000000,-0.0151006700,-0.0021571990,0.9998837000,2.0000000000,1724,2,True,3,3,64.0000000000,
21.3682572029,19729668600,True,1.0000000000,4.0000000000,-0.0320000000,0.0000000000,0.0000000000,-0.0151006700,-0.0021571990,0.9998837000,True,1.0000000000,4.0000000000,0.0320000000,0.0000000000,0.0000000000,-0.0151006700,-0.0021571990,0.9998837000,0.0000000000,0.0000000000,0.0000000000,-0.0151006700,-0.0021571990,0.9998837000,2.0000000000,1725,2,True,3,3,64.0000000000,
21.3784896029,19739901100,True,1.0000000000,4.0000000000,-0.0320000000,0.0000000000,0.0000000000,-0.0151006700,-0.0021571990,0.9998837000,True,1.0000000000,4.0000000000,0.0320000000,0.0000000000,0.0000000000,-0.0151006700,-0.0021571990,0.9998837000,0.0000000000,0.0000000000,0.0000000000,-0.0151006700,-0.0021571990,0.9998837000,2.0000000000,1726,2,True,3,3,64.0000000000,
21.3888024029,19750213900,True,1.0000000000,4.0000000000,-0.0320000000,0.0000000000,0.0000000000,-0.0151006700,-0.0021571990,0.9998837000,True,1.0000000000,4.0000000000,0.0320000000,0.0000000000,0.0000000000,-0.0151006700,-0.0021571990,0.9998837000,0.0000000000,0.0000000000,0.0000000000,-0.0151006700,-0.0021571990,0.9998837000,2.0000000000,1727,2,True,3,3,64.0000000000,
21.3989595029,19760371000,True,1.0000000000,4.0000000000,-0.0320000000,0.0000000000,0.0000000000,-0.0151006700,-0.0021571990,0.9998837000,True,1.0000000000,4.0000000000,0.0320000000,0.0000000000,0.0000000000,-0.0151006700,-0.0021571990,0.9998837000,0.0000000000,0.0000000000,0.0000000000,-0.0151006700,-0.0021571990,0.9998837000,2.0000000000,1728,2,True,3,3,64.0000000000,
21.4094358029,19770847400,True,1.0000000000,4.0000000000,-0.0320000000,0.0000000000,0.0000000000,-0.0151006700,-0.0021571990,0.9998837000,True,1.0000000000,4.0000000000,0.0320000000,0.0000000000,0.0000000000,-0.0151006700,-0.0021571990,0.9998837000,0.0000000000,0.0000000000,0.0000000000,-0.0151006700,-0.0021571990,0.9998837000,2.0000000000,1729,2,True,3,3,64.0000000000,
21.4199562029,19781367600,True,1.0000000000,4.0000000000,-0.0320000000,0.0000000000,0.0000000000,-0.0151006700,-0.0021571990,0.9998837000,True,1.0000000000,4.0000000000,0.0320000000,0.0000000000,0.0000000000,-0.0151006700,-0.0021571990,0.9998837000,0.0000000000,0.0000000000,0.0000000000,-0.0151006700,-0.0021571990,0.9998837000,2.0000000000,1730,2,True,3,3,64.0000000000,
21.4304971029,19791908600,True,1.0000000000,4.0000000000,-0.0320000000,0.0000000000,0.0000000000,-0.0151006700,-0.0021571990,0.9998837000,True,1.0000000000,4.0000000000,0.0320000000,0.0000000000,0.0000000000,-0.0151006700,-0.0021571990,0.9998837000,0.0000000000,0.0000000000,0.0000000000,-0.0151006700,-0.0021571990,0.9998837000,2.0000000000,1731,2,True,3,3,64.0000000000,
21.4412133029,19802624800,True,1.0000000000,4.0000000000,-0.0320000000,0.0000000000,0.0000000000,-0.0151006700,-0.0021571990,0.9998837000,True,1.0000000000,4.0000000000,0.0320000000,0.0000000000,0.0000000000,-0.0151006700,-0.0021571990,0.9998837000,0.0000000000,0.0000000000,0.0000000000,-0.0151006700,-0.0021571990,0.9998837000,2.0000000000,1732,2,True,3,3,64.0000000000,
21.4516307029,19813042300,True,1.0000000000,4.0000000000,-0.0320000000,0.0000000000,0.0000000000,-0.0151006700,-0.0021571990,0.9998837000,True,1.0000000000,4.0000000000,0.0320000000,0.0000000000,0.0000000000,-0.0151006700,-0.0021571990,0.9998837000,0.0000000000,0.0000000000,0.0000000000,-0.0151006700,-0.0021571990,0.9998837000,2.0000000000,1733,2,True,3,3,64.0000000000,
21.4619211029,19823332600,True,1.0000000000,4.0000000000,-0.0320000000,0.0000000000,0.0000000000,-0.0151006700,-0.0021571990,0.9998837000,True,1.0000000000,4.0000000000,0.0320000000,0.0000000000,0.0000000000,-0.0151006700,-0.0021571990,0.9998837000,0.0000000000,0.0000000000,0.0000000000,-0.0151006700,-0.0021571990,0.9998837000,2.0000000000,1734,2,True,3,3,64.0000000000,
21.4729897029,19834401200,True,1.0000000000,4.0000000000,-0.0320000000,0.0000000000,0.0000000000,-0.0151006700,-0.0021571990,0.9998837000,True,1.0000000000,4.0000000000,0.0320000000,0.0000000000,0.0000000000,-0.0151006700,-0.0021571990,0.9998837000,0.0000000000,0.0000000000,0.0000000000,-0.0151006700,-0.0021571990,0.9998837000,2.0000000000,1735,2,True,3,3,64.0000000000,
21.4833694029,19844781000,True,1.0000000000,4.0000000000,-0.0320000000,0.0000000000,0.0000000000,-0.0151006700,-0.0021571990,0.9998837000,True,1.0000000000,4.0000000000,0.0320000000,0.0000000000,0.0000000000,-0.0151006700,-0.0021571990,0.9998837000,0.0000000000,0.0000000000,0.0000000000,-0.0151006700,-0.0021571990,0.9998837000,2.0000000000,1736,2,True,3,3,64.0000000000,
21.4940722029,19855483700,True,1.0000000000,4.0000000000,-0.0320000000,0.0000000000,0.0000000000,-0.0151006700,-0.0021571990,0.9998837000,True,1.0000000000,4.0000000000,0.0320000000,0.0000000000,0.0000000000,-0.0151006700,-0.0021571990,0.9998837000,0.0000000000,0.0000000000,0.0000000000,-0.0151006700,-0.0021571990,0.9998837000,2.0000000000,1737,2,True,3,3,64.0000000000,
21.5045409029,19865952300,True,1.0000000000,4.0000000000,-0.0320000000,0.0000000000,0.0000000000,-0.0151006700,-0.0021571990,0.9998837000,True,1.0000000000,4.0000000000,0.0320000000,0.0000000000,0.0000000000,-0.0151006700,-0.0021571990,0.9998837000,0.0000000000,0.0000000000,0.0000000000,-0.0151006700,-0.0021571990,0.9998837000,2.0000000000,1738,2,True,3,3,64.0000000000,
21.5149283029,19876339700,True,1.0000000000,4.0000000000,-0.0320000000,0.0000000000,0.0000000000,-0.0151006700,-0.0021571990,0.9998837000,True,1.0000000000,4.0000000000,0.0320000000,0.0000000000,0.0000000000,-0.0151006700,-0.0021571990,0.9998837000,0.0000000000,0.0000000000,0.0000000000,-0.0151006700,-0.0021571990,0.9998837000,2.0000000000,1739,2,True,3,3,64.0000000000,
21.5256901029,19887101600,True,1.0000000000,4.0000000000,-0.0320000000,0.0000000000,0.0000000000,-0.0151006700,-0.0021571990,0.9998837000,True,1.0000000000,4.0000000000,0.0320000000,0.0000000000,0.0000000000,-0.0151006700,-0.0021571990,0.9998837000,0.0000000000,0.0000000000,0.0000000000,-0.0151006700,-0.0021571990,0.9998837000,2.0000000000,1740,2,True,3,3,64.0000000000,
21.5360112029,19897422800,True,1.0000000000,4.0000000000,-0.0320000000,0.0000000000,0.0000000000,-0.0151006700,-0.0021571990,0.9998837000,True,1.0000000000,4.0000000000,0.0320000000,0.0000000000,0.0000000000,-0.0151006700,-0.0021571990,0.9998837000,0.0000000000,0.0000000000,0.0000000000,-0.0151006700,-0.0021571990,0.9998837000,2.0000000000,1741,2,True,3,3,64.0000000000,
21.5449246029,19906336000,True,1.0000000000,4.0000000000,-0.0320000000,0.0000000000,0.0000000000,-0.0151006700,-0.0021571990,0.9998837000,True,1.0000000000,4.0000000000,0.0320000000,0.0000000000,0.0000000000,-0.0151006700,-0.0021571990,0.9998837000,0.0000000000,0.0000000000,0.0000000000,-0.0151006700,-0.0021571990,0.9998837000,2.0000000000,1742,2,True,3,3,64.0000000000,
21.5529402029,19914351700,True,1.0000000000,4.0000000000,-0.0320000000,0.0000000000,0.0000000000,-0.0151006700,-0.0021571990,0.9998837000,True,1.0000000000,4.0000000000,0.0320000000,0.0000000000,0.0000000000,-0.0151006700,-0.0021571990,0.9998837000,0.0000000000,0.0000000000,0.0000000000,-0.0151006700,-0.0021571990,0.9998837000,2.0000000000,1743,2,True,3,3,64.0000000000,
21.5609582029,19922369700,True,1.0000000000,4.0000000000,-0.0320000000,0.0000000000,0.0000000000,-0.0151006700,-0.0021571990,0.9998837000,True,1.0000000000,4.0000000000,0.0320000000,0.0000000000,0.0000000000,-0.0151006700,-0.0021571990,0.9998837000,0.0000000000,0.0000000000,0.0000000000,-0.0151006700,-0.0021571990,0.9998837000,2.0000000000,1744,2,True,3,3,64.0000000000,
21.5690914029,19930502800,True,1.0000000000,4.0000000000,-0.0320000000,0.0000000000,0.0000000000,-0.0151006700,-0.0021571990,0.9998837000,True,1.0000000000,4.0000000000,0.0320000000,0.0000000000,0.0000000000,-0.0151006700,-0.0021571990,0.9998837000,0.0000000000,0.0000000000,0.0000000000,-0.0151006700,-0.0021571990,0.9998837000,2.0000000000,1745,2,True,3,3,64.0000000000,
21.5795175029,19940929000,True,1.0000000000,4.0000000000,-0.0320000000,0.0000000000,0.0000000000,-0.0151006700,-0.0021571990,0.9998837000,True,1.0000000000,4.0000000000,0.0320000000,0.0000000000,0.0000000000,-0.0151006700,-0.0021571990,0.9998837000,0.0000000000,0.0000000000,0.0000000000,-0.0151006700,-0.0021571990,0.9998837000,2.0000000000,1746,2,True,3,3,64.0000000000,
21.5902378029,19951649300,True,1.0000000000,4.0000000000,-0.0320000000,0.0000000000,0.0000000000,-0.0151006700,-0.0021571990,0.9998837000,True,1.0000000000,4.0000000000,0.0320000000,0.0000000000,0.0000000000,-0.0151006700,-0.0021571990,0.9998837000,0.0000000000,0.0000000000,0.0000000000,-0.0151006700,-0.0021571990,0.9998837000,2.0000000000,1747,2,True,3,3,64.0000000000,
21.6009377029,19962349200,True,1.0000000000,4.0000000000,-0.0320000000,0.0000000000,0.0000000000,-0.0151006700,-0.0021571990,0.9998837000,True,1.0000000000,4.0000000000,0.0320000000,0.0000000000,0.0000000000,-0.0151006700,-0.0021571990,0.9998837000,0.0000000000,0.0000000000,0.0000000000,-0.0151006700,-0.0021571990,0.9998837000,2.0000000000,1748,2,True,3,3,64.0000000000,
21.6111953029,19972606700,True,1.0000000000,4.0000000000,-0.0320000000,0.0000000000,0.0000000000,-0.0151006700,-0.0021571990,0.9998837000,True,1.0000000000,4.0000000000,0.0320000000,0.0000000000,0.0000000000,-0.0151006700,-0.0021571990,0.9998837000,0.0000000000,0.0000000000,0.0000000000,-0.0151006700,-0.0021571990,0.9998837000,2.0000000000,1749,2,True,3,3,64.0000000000,
21.6224949029,19983906000,True,1.0000000000,4.0000000000,-0.0320000000,0.0000000000,0.0000000000,-0.0151006700,-0.0021571990,0.9998837000,True,1.0000000000,4.0000000000,0.0320000000,0.0000000000,0.0000000000,-0.0151006700,-0.0021571990,0.9998837000,0.0000000000,0.0000000000,0.0000000000,-0.0151006700,-0.0021571990,0.9998837000,2.0000000000,1750,2,True,3,3,64.0000000000,
21.6320292029,19993440700,True,1.0000000000,4.0000000000,-0.0320000000,0.0000000000,0.0000000000,-0.0151006700,-0.0021571990,0.9998837000,True,1.0000000000,4.0000000000,0.0320000000,0.0000000000,0.0000000000,-0.0151006700,-0.0021571990,0.9998837000,0.0000000000,0.0000000000,0.0000000000,-0.0151006700,-0.0021571990,0.9998837000,2.0000000000,1751,2,True,3,3,64.0000000000,
21.6425587029,20003969900,True,1.0000000000,4.0000000000,-0.0320000000,0.0000000000,0.0000000000,-0.0151006700,-0.0021571990,0.9998837000,True,1.0000000000,4.0000000000,0.0320000000,0.0000000000,0.0000000000,-0.0151006700,-0.0021571990,0.9998837000,0.0000000000,0.0000000000,0.0000000000,-0.0151006700,-0.0021571990,0.9998837000,2.0000000000,1752,2,True,3,3,64.0000000000,
21.6530540029,20014465500,True,1.0000000000,4.0000000000,-0.0320000000,0.0000000000,0.0000000000,-0.0151006700,-0.0021571990,0.9998837000,True,1.0000000000,4.0000000000,0.0320000000,0.0000000000,0.0000000000,-0.0151006700,-0.0021571990,0.9998837000,0.0000000000,0.0000000000,0.0000000000,-0.0151006700,-0.0021571990,0.9998837000,2.0000000000,1753,2,True,3,3,64.0000000000,
21.6634481029,20024859500,True,1.0000000000,4.0000000000,-0.0320000000,0.0000000000,0.0000000000,-0.0151006700,-0.0021571990,0.9998837000,True,1.0000000000,4.0000000000,0.0320000000,0.0000000000,0.0000000000,-0.0151006700,-0.0021571990,0.9998837000,0.0000000000,0.0000000000,0.0000000000,-0.0151006700,-0.0021571990,0.9998837000,2.0000000000,1754,2,True,3,3,64.0000000000,
21.6738745029,20035285900,True,1.0000000000,4.0000000000,-0.0320000000,0.0000000000,0.0000000000,-0.0151006700,-0.0021571990,0.9998837000,True,1.0000000000,4.0000000000,0.0320000000,0.0000000000,0.0000000000,-0.0151006700,-0.0021571990,0.9998837000,0.0000000000,0.0000000000,0.0000000000,-0.0151006700,-0.0021571990,0.9998837000,2.0000000000,1755,2,True,3,3,64.0000000000,
21.6841532029,20045564700,True,1.0000000000,4.0000000000,-0.0320000000,0.0000000000,0.0000000000,-0.0151006700,-0.0021571990,0.9998837000,True,1.0000000000,4.0000000000,0.0320000000,0.0000000000,0.0000000000,-0.0151006700,-0.0021571990,0.9998837000,0.0000000000,0.0000000000,0.0000000000,-0.0151006700,-0.0021571990,0.9998837000,2.0000000000,1756,2,True,3,3,64.0000000000,
21.6944671029,20055878500,True,1.0000000000,4.0000000000,-0.0320000000,0.0000000000,0.0000000000,-0.0151006700,-0.0021571990,0.9998837000,True,1.0000000000,4.0000000000,0.0320000000,0.0000000000,0.0000000000,-0.0151006700,-0.0021571990,0.9998837000,0.0000000000,0.0000000000,0.0000000000,-0.0151006700,-0.0021571990,0.9998837000,2.0000000000,1757,2,True,3,3,64.0000000000,
21.7052883029,20066699900,True,1.0000000000,4.0000000000,-0.0320000000,0.0000000000,0.0000000000,-0.0151006700,-0.0021571990,0.9998837000,True,1.0000000000,4.0000000000,0.0320000000,0.0000000000,0.0000000000,-0.0151006700,-0.0021571990,0.9998837000,0.0000000000,0.0000000000,0.0000000000,-0.0151006700,-0.0021571990,0.9998837000,2.0000000000,1758,2,True,3,3,64.0000000000,
21.7159226029,20077334100,True,1.0000000000,4.0000000000,-0.0320000000,0.0000000000,0.0000000000,-0.0151006700,-0.0021571990,0.9998837000,True,1.0000000000,4.0000000000,0.0320000000,0.0000000000,0.0000000000,-0.0151006700,-0.0021571990,0.9998837000,0.0000000000,0.0000000000,0.0000000000,-0.0151006700,-0.0021571990,0.9998837000,2.0000000000,1759,2,True,3,3,64.0000000000,StimulusHidden;visual_space_l=0.500;fov_deg=90.00;edge_softness_deg=1.00;circular_aperture=True;grid_spacing_deg=10.00;grid_spacing_uv=0.176327;content_zoom=1.000;eye=BothEyes|StimulusChanged;visual_space_l=0.500;fov_deg=90.00;edge_softness_deg=1.00;circular_aperture=True;grid_spacing_deg=10.00;grid_spacing_uv=0.176327;content_zoom=1.000;eye=BothEyes|StimulusChanged;visual_space_l=0.500;fov_deg=90.00;edge_softness_deg=1.00;circular_aperture=True;grid_spacing_deg=10.00;grid_spacing_uv=0.176327;content_zoom=1.000;eye=BothEyes|StimulusChanged;visual_space_l=1.200;fov_deg=90.00;edge_softness_deg=1.00;circular_aperture=True;grid_spacing_deg=10.00;grid_spacing_uv=0.176327;content_zoom=1.000;eye=BothEyes|StimulusChanged;visual_space_l=1.200;fov_deg=90.00;edge_softness_deg=1.00;circular_aperture=True;grid_spacing_deg=10.00;grid_spacing_uv=0.176327;content_zoom=1.000;eye=BothEyes|TrialStart;presentation=2;sequence=2;condition=1;repetition=3;attempt=1;eye=BothEyes;fov_deg=90.000;edge_softness_deg=1.000;circular_aperture=True;grid_spacing_deg=10.000;grid_spacing_uv=0.176327;visual_space_l=1.2000;content_zoom=1.0000|StimulusPresented;visual_space_l=1.200;fov_deg=90.00;edge_softness_deg=1.00;circular_aperture=True;grid_spacing_deg=10.00;grid_spacing_uv=0.176327;content_zoom=1.000;eye=BothEyes
21.7258524029,20087263900,True,1.0000000000,4.0000000000,-0.0320000000,0.0000000000,0.0000000000,-0.0151006700,-0.0021571990,0.9998837000,True,1.0000000000,4.0000000000,0.0320000000,0.0000000000,0.0000000000,-0.0151006700,-0.0021571990,0.9998837000,0.0000000000,0.0000000000,0.0000000000,-0.0151006700,-0.0021571990,0.9998837000,2.0000000000,1760,2,True,3,3,64.0000000000,
21.7359973029,20097408800,True,1.0000000000,4.0000000000,-0.0320000000,0.0000000000,0.0000000000,-0.0151006700,-0.0021571990,0.9998837000,True,1.0000000000,4.0000000000,0.0320000000,0.0000000000,0.0000000000,-0.0151006700,-0.0021571990,0.9998837000,0.0000000000,0.0000000000,0.0000000000,-0.0151006700,-0.0021571990,0.9998837000,2.0000000000,1761,2,True,3,3,64.0000000000,
21.7464494029,20107861000,True,1.0000000000,4.0000000000,-0.0320000000,0.0000000000,0.0000000000,-0.0151006700,-0.0021571990,0.9998837000,True,1.0000000000,4.0000000000,0.0320000000,0.0000000000,0.0000000000,-0.0151006700,-0.0021571990,0.9998837000,0.0000000000,0.0000000000,0.0000000000,-0.0151006700,-0.0021571990,0.9998837000,2.0000000000,1762,2,True,3,3,64.0000000000,
21.7570128029,20118424100,True,1.0000000000,4.0000000000,-0.0320000000,0.0000000000,0.0000000000,-0.0151006700,-0.0021571990,0.9998837000,True,1.0000000000,4.0000000000,0.0320000000,0.0000000000,0.0000000000,-0.0151006700,-0.0021571990,0.9998837000,0.0000000000,0.0000000000,0.0000000000,-0.0151006700,-0.0021571990,0.9998837000,2.0000000000,1763,2,True,3,3,64.0000000000,
21.7673118029,20128723300,True,1.0000000000,4.0000000000,-0.0320000000,0.0000000000,0.0000000000,-0.0151006700,-0.0021571990,0.9998837000,True,1.0000000000,4.0000000000,0.0320000000,0.0000000000,0.0000000000,-0.0151006700,-0.0021571990,0.9998837000,0.0000000000,0.0000000000,0.0000000000,-0.0151006700,-0.0021571990,0.9998837000,2.0000000000,1764,2,True,3,3,64.0000000000,
21.7772358029,20138647200,True,1.0000000000,4.0000000000,-0.0320000000,0.0000000000,0.0000000000,-0.0151006700,-0.0021571990,0.9998837000,True,1.0000000000,4.0000000000,0.0320000000,0.0000000000,0.0000000000,-0.0151006700,-0.0021571990,0.9998837000,0.0000000000,0.0000000000,0.0000000000,-0.0151006700,-0.0021571990,0.9998837000,2.0000000000,1765,2,True,3,3,64.0000000000,
21.7875251029,20148936500,True,1.0000000000,4.0000000000,-0.0320000000,0.0000000000,0.0000000000,-0.0151006700,-0.0021571990,0.9998837000,True,1.0000000000,4.0000000000,0.0320000000,0.0000000000,0.0000000000,-0.0151006700,-0.0021571990,0.9998837000,0.0000000000,0.0000000000,0.0000000000,-0.0151006700,-0.0021571990,0.9998837000,2.0000000000,1766,2,True,3,3,64.0000000000,
21.7982040029,20159615500,True,1.0000000000,4.0000000000,-0.0320000000,0.0000000000,0.0000000000,-0.0151006700,-0.0021571990,0.9998837000,True,1.0000000000,4.0000000000,0.0320000000,0.0000000000,0.0000000000,-0.0151006700,-0.0021571990,0.9998837000,0.0000000000,0.0000000000,0.0000000000,-0.0151006700,-0.0021571990,0.9998837000,2.0000000000,1767,2,True,3,3,64.0000000000,
21.8080829029,20169494100,True,1.0000000000,4.0000000000,-0.0320000000,0.0000000000,0.0000000000,-0.0151006700,-0.0021571990,0.9998837000,True,1.0000000000,4.0000000000,0.0320000000,0.0000000000,0.0000000000,-0.0151006700,-0.0021571990,0.9998837000,0.0000000000,0.0000000000,0.0000000000,-0.0151006700,-0.0021571990,0.9998837000,2.0000000000,1768,2,True,3,3,64.0000000000,
21.8182097029,20179621100,True,1.0000000000,4.0000000000,-0.0320000000,0.0000000000,0.0000000000,-0.0151006700,-0.0021571990,0.9998837000,True,1.0000000000,4.0000000000,0.0320000000,0.0000000000,0.0000000000,-0.0151006700,-0.0021571990,0.9998837000,0.0000000000,0.0000000000,0.0000000000,-0.0151006700,-0.0021571990,0.9998837000,2.0000000000,1769,2,True,3,3,64.0000000000,
21.8285626029,20189974000,True,1.0000000000,4.0000000000,-0.0320000000,0.0000000000,0.0000000000,-0.0151006700,-0.0021571990,0.9998837000,True,1.0000000000,4.0000000000,0.0320000000,0.0000000000,0.0000000000,-0.0151006700,-0.0021571990,0.9998837000,0.0000000000,0.0000000000,0.0000000000,-0.0151006700,-0.0021571990,0.9998837000,2.0000000000,1770,2,True,3,3,64.0000000000,
21.8387036029,20200115100,True,1.0000000000,4.0000000000,-0.0320000000,0.0000000000,0.0000000000,-0.0151006700,-0.0021571990,0.9998837000,True,1.0000000000,4.0000000000,0.0320000000,0.0000000000,0.0000000000,-0.0151006700,-0.0021571990,0.9998837000,0.0000000000,0.0000000000,0.0000000000,-0.0151006700,-0.0021571990,0.9998837000,2.0000000000,1771,2,True,3,3,64.0000000000,
21.8479492029,20209360600,True,1.0000000000,4.0000000000,-0.0320000000,0.0000000000,0.0000000000,-0.0151006700,-0.0021571990,0.9998837000,True,1.0000000000,4.0000000000,0.0320000000,0.0000000000,0.0000000000,-0.0151006700,-0.0021571990,0.9998837000,0.0000000000,0.0000000000,0.0000000000,-0.0151006700,-0.0021571990,0.9998837000,2.0000000000,1772,2,True,3,3,64.0000000000,
21.8563225029,20217734000,True,1.0000000000,4.0000000000,-0.0320000000,0.0000000000,0.0000000000,-0.0151006700,-0.0021571990,0.9998837000,True,1.0000000000,4.0000000000,0.0320000000,0.0000000000,0.0000000000,-0.0151006700,-0.0021571990,0.9998837000,0.0000000000,0.0000000000,0.0000000000,-0.0151006700,-0.0021571990,0.9998837000,2.0000000000,1773,2,True,3,3,64.0000000000,
21.8646279029,20226039300,True,1.0000000000,4.0000000000,-0.0320000000,0.0000000000,0.0000000000,-0.0151006700,-0.0021571990,0.9998837000,True,1.0000000000,4.0000000000,0.0320000000,0.0000000000,0.0000000000,-0.0151006700,-0.0021571990,0.9998837000,0.0000000000,0.0000000000,0.0000000000,-0.0151006700,-0.0021571990,0.9998837000,2.0000000000,1774,2,True,3,3,64.0000000000,
21.8727540029,20234165300,True,1.0000000000,4.0000000000,-0.0320000000,0.0000000000,0.0000000000,-0.0151006700,-0.0021571990,0.9998837000,True,1.0000000000,4.0000000000,0.0320000000,0.0000000000,0.0000000000,-0.0151006700,-0.0021571990,0.9998837000,0.0000000000,0.0000000000,0.0000000000,-0.0151006700,-0.0021571990,0.9998837000,2.0000000000,1775,2,True,3,3,64.0000000000,
21.8816812029,20243092500,True,1.0000000000,4.0000000000,-0.0320000000,0.0000000000,0.0000000000,-0.0151006700,-0.0021571990,0.9998837000,True,1.0000000000,4.0000000000,0.0320000000,0.0000000000,0.0000000000,-0.0151006700,-0.0021571990,0.9998837000,0.0000000000,0.0000000000,0.0000000000,-0.0151006700,-0.0021571990,0.9998837000,2.0000000000,1776,2,True,3,3,64.0000000000,
21.8919630029,20253374400,True,1.0000000000,4.0000000000,-0.0320000000,0.0000000000,0.0000000000,-0.0151006700,-0.0021571990,0.9998837000,True,1.0000000000,4.0000000000,0.0320000000,0.0000000000,0.0000000000,-0.0151006700,-0.0021571990,0.9998837000,0.0000000000,0.0000000000,0.0000000000,-0.0151006700,-0.0021571990,0.9998837000,2.0000000000,1777,2,True,3,3,64.0000000000,
21.9021135029,20263525000,True,1.0000000000,4.0000000000,-0.0320000000,0.0000000000,0.0000000000,-0.0151006700,-0.0021571990,0.9998837000,True,1.0000000000,4.0000000000,0.0320000000,0.0000000000,0.0000000000,-0.0151006700,-0.0021571990,0.9998837000,0.0000000000,0.0000000000,0.0000000000,-0.0151006700,-0.0021571990,0.9998837000,2.0000000000,1778,2,True,3,3,64.0000000000,
21.9126940029,20274105300,True,1.0000000000,4.0000000000,-0.0320000000,0.0000000000,0.0000000000,-0.0151006700,-0.0021571990,0.9998837000,True,1.0000000000,4.0000000000,0.0320000000,0.0000000000,0.0000000000,-0.0151006700,-0.0021571990,0.9998837000,0.0000000000,0.0000000000,0.0000000000,-0.0151006700,-0.0021571990,0.9998837000,2.0000000000,1779,2,True,3,3,64.0000000000,
21.9233155029,20284726900,True,1.0000000000,4.0000000000,-0.0320000000,0.0000000000,0.0000000000,-0.0151006700,-0.0021571990,0.9998837000,True,1.0000000000,4.0000000000,0.0320000000,0.0000000000,0.0000000000,-0.0151006700,-0.0021571990,0.9998837000,0.0000000000,0.0000000000,0.0000000000,-0.0151006700,-0.0021571990,0.9998837000,2.0000000000,1780,2,True,3,3,64.0000000000,
21.9333768029,20294788300,True,1.0000000000,4.0000000000,-0.0320000000,0.0000000000,0.0000000000,-0.0151006700,-0.0021571990,0.9998837000,True,1.0000000000,4.0000000000,0.0320000000,0.0000000000,0.0000000000,-0.0151006700,-0.0021571990,0.9998837000,0.0000000000,0.0000000000,0.0000000000,-0.0151006700,-0.0021571990,0.9998837000,2.0000000000,1781,2,True,3,3,64.0000000000,
21.9436274029,20305038800,True,1.0000000000,4.0000000000,-0.0320000000,0.0000000000,0.0000000000,-0.0151006700,-0.0021571990,0.9998837000,True,1.0000000000,4.0000000000,0.0320000000,0.0000000000,0.0000000000,-0.0151006700,-0.0021571990,0.9998837000,0.0000000000,0.0000000000,0.0000000000,-0.0151006700,-0.0021571990,0.9998837000,2.0000000000,1782,2,True,3,3,64.0000000000,
21.9544786029,20315890100,True,1.0000000000,4.0000000000,-0.0320000000,0.0000000000,0.0000000000,-0.0151006700,-0.0021571990,0.9998837000,True,1.0000000000,4.0000000000,0.0320000000,0.0000000000,0.0000000000,-0.0151006700,-0.0021571990,0.9998837000,0.0000000000,0.0000000000,0.0000000000,-0.0151006700,-0.0021571990,0.9998837000,2.0000000000,1783,2,True,3,3,64.0000000000,
21.9643951029,20325806500,True,1.0000000000,4.0000000000,-0.0320000000,0.0000000000,0.0000000000,-0.0151006700,-0.0021571990,0.9998837000,True,1.0000000000,4.0000000000,0.0320000000,0.0000000000,0.0000000000,-0.0151006700,-0.0021571990,0.9998837000,0.0000000000,0.0000000000,0.0000000000,-0.0151006700,-0.0021571990,0.9998837000,2.0000000000,1784,2,True,3,3,64.0000000000,
21.9745309029,20335942400,True,1.0000000000,4.0000000000,-0.0320000000,0.0000000000,0.0000000000,-0.0151006700,-0.0021571990,0.9998837000,True,1.0000000000,4.0000000000,0.0320000000,0.0000000000,0.0000000000,-0.0151006700,-0.0021571990,0.9998837000,0.0000000000,0.0000000000,0.0000000000,-0.0151006700,-0.0021571990,0.9998837000,2.0000000000,1785,2,True,3,3,64.0000000000,
21.9855277029,20346938900,True,1.0000000000,4.0000000000,-0.0320000000,0.0000000000,0.0000000000,-0.0151006700,-0.0021571990,0.9998837000,True,1.0000000000,4.0000000000,0.0320000000,0.0000000000,0.0000000000,-0.0151006700,-0.0021571990,0.9998837000,0.0000000000,0.0000000000,0.0000000000,-0.0151006700,-0.0021571990,0.9998837000,2.0000000000,1786,2,True,3,3,64.0000000000,
21.9957340029,20357145600,True,1.0000000000,4.0000000000,-0.0320000000,0.0000000000,0.0000000000,-0.0151006700,-0.0021571990,0.9998837000,True,1.0000000000,4.0000000000,0.0320000000,0.0000000000,0.0000000000,-0.0151006700,-0.0021571990,0.9998837000,0.0000000000,0.0000000000,0.0000000000,-0.0151006700,-0.0021571990,0.9998837000,2.0000000000,1787,2,True,3,3,64.0000000000,
22.0062423029,20367653500,True,1.0000000000,4.0000000000,-0.0320000000,0.0000000000,0.0000000000,-0.0151006700,-0.0021571990,0.9998837000,True,1.0000000000,4.0000000000,0.0320000000,0.0000000000,0.0000000000,-0.0151006700,-0.0021571990,0.9998837000,0.0000000000,0.0000000000,0.0000000000,-0.0151006700,-0.0021571990,0.9998837000,2.0000000000,1788,2,True,3,3,64.0000000000,
22.0164654029,20377876900,True,1.0000000000,4.0000000000,-0.0320000000,0.0000000000,0.0000000000,-0.0151006700,-0.0021571990,0.9998837000,True,1.0000000000,4.0000000000,0.0320000000,0.0000000000,0.0000000000,-0.0151006700,-0.0021571990,0.9998837000,0.0000000000,0.0000000000,0.0000000000,-0.0151006700,-0.0021571990,0.9998837000,2.0000000000,1789,2,True,3,3,64.0000000000,
22.0267256029,20388137000,True,1.0000000000,4.0000000000,-0.0320000000,0.0000000000,0.0000000000,-0.0151006700,-0.0021571990,0.9998837000,True,1.0000000000,4.0000000000,0.0320000000,0.0000000000,0.0000000000,-0.0151006700,-0.0021571990,0.9998837000,0.0000000000,0.0000000000,0.0000000000,-0.0151006700,-0.0021571990,0.9998837000,2.0000000000,1790,2,True,3,3,64.0000000000,
22.0366053029,20398016800,True,1.0000000000,4.0000000000,-0.0320000000,0.0000000000,0.0000000000,-0.0151006700,-0.0021571990,0.9998837000,True,1.0000000000,4.0000000000,0.0320000000,0.0000000000,0.0000000000,-0.0151006700,-0.0021571990,0.9998837000,0.0000000000,0.0000000000,0.0000000000,-0.0151006700,-0.0021571990,0.9998837000,2.0000000000,1791,2,True,3,3,64.0000000000,
22.0474132029,20408824700,True,1.0000000000,4.0000000000,-0.0320000000,0.0000000000,0.0000000000,-0.0151006700,-0.0021571990,0.9998837000,True,1.0000000000,4.0000000000,0.0320000000,0.0000000000,0.0000000000,-0.0151006700,-0.0021571990,0.9998837000,0.0000000000,0.0000000000,0.0000000000,-0.0151006700,-0.0021571990,0.9998837000,2.0000000000,1792,2,True,3,3,64.0000000000,
22.0573928029,20418804300,True,1.0000000000,4.0000000000,-0.0320000000,0.0000000000,0.0000000000,-0.0151006700,-0.0021571990,0.9998837000,True,1.0000000000,4.0000000000,0.0320000000,0.0000000000,0.0000000000,-0.0151006700,-0.0021571990,0.9998837000,0.0000000000,0.0000000000,0.0000000000,-0.0151006700,-0.0021571990,0.9998837000,2.0000000000,1793,2,True,3,3,64.0000000000,
22.0678497029,20429261200,True,1.0000000000,4.0000000000,-0.0320000000,0.0000000000,0.0000000000,-0.0151006700,-0.0021571990,0.9998837000,True,1.0000000000,4.0000000000,0.0320000000,0.0000000000,0.0000000000,-0.0151006700,-0.0021571990,0.9998837000,0.0000000000,0.0000000000,0.0000000000,-0.0151006700,-0.0021571990,0.9998837000,2.0000000000,1794,2,True,3,3,64.0000000000,
22.0782221029,20439633500,True,1.0000000000,4.0000000000,-0.0320000000,0.0000000000,0.0000000000,-0.0151006700,-0.0021571990,0.9998837000,True,1.0000000000,4.0000000000,0.0320000000,0.0000000000,0.0000000000,-0.0151006700,-0.0021571990,0.9998837000,0.0000000000,0.0000000000,0.0000000000,-0.0151006700,-0.0021571990,0.9998837000,2.0000000000,1795,2,True,3,3,64.0000000000,
22.0882809029,20449692400,True,1.0000000000,4.0000000000,-0.0320000000,0.0000000000,0.0000000000,-0.0151006700,-0.0021571990,0.9998837000,True,1.0000000000,4.0000000000,0.0320000000,0.0000000000,0.0000000000,-0.0151006700,-0.0021571990,0.9998837000,0.0000000000,0.0000000000,0.0000000000,-0.0151006700,-0.0021571990,0.9998837000,2.0000000000,1796,2,True,3,3,64.0000000000,
22.0991926029,20460603800,True,1.0000000000,4.0000000000,-0.0320000000,0.0000000000,0.0000000000,-0.0151006700,-0.0021571990,0.9998837000,True,1.0000000000,4.0000000000,0.0320000000,0.0000000000,0.0000000000,-0.0151006700,-0.0021571990,0.9998837000,0.0000000000,0.0000000000,0.0000000000,-0.0151006700,-0.0021571990,0.9998837000,2.0000000000,1797,2,True,3,3,64.0000000000,
22.1094437029,20470855100,True,1.0000000000,4.0000000000,-0.0320000000,0.0000000000,0.0000000000,-0.0151006700,-0.0021571990,0.9998837000,True,1.0000000000,4.0000000000,0.0320000000,0.0000000000,0.0000000000,-0.0151006700,-0.0021571990,0.9998837000,0.0000000000,0.0000000000,0.0000000000,-0.0151006700,-0.0021571990,0.9998837000,2.0000000000,1798,2,True,3,3,64.0000000000,
22.1200699029,20481481100,True,1.0000000000,4.0000000000,-0.0320000000,0.0000000000,0.0000000000,-0.0151006700,-0.0021571990,0.9998837000,True,1.0000000000,4.0000000000,0.0320000000,0.0000000000,0.0000000000,-0.0151006700,-0.0021571990,0.9998837000,0.0000000000,0.0000000000,0.0000000000,-0.0151006700,-0.0021571990,0.9998837000,2.0000000000,1799,2,True,3,3,64.0000000000,
22.1300594029,20491470500,True,1.0000000000,4.0000000000,-0.0320000000,0.0000000000,0.0000000000,-0.0151006700,-0.0021571990,0.9998837000,True,1.0000000000,4.0000000000,0.0320000000,0.0000000000,0.0000000000,-0.0151006700,-0.0021571990,0.9998837000,0.0000000000,0.0000000000,0.0000000000,-0.0151006700,-0.0021571990,0.9998837000,2.0000000000,1800,2,True,3,3,64.0000000000,
22.1402973029,20501708600,True,1.0000000000,4.0000000000,-0.0320000000,0.0000000000,0.0000000000,-0.0151006700,-0.0021571990,0.9998837000,True,1.0000000000,4.0000000000,0.0320000000,0.0000000000,0.0000000000,-0.0151006700,-0.0021571990,0.9998837000,0.0000000000,0.0000000000,0.0000000000,-0.0151006700,-0.0021571990,0.9998837000,2.0000000000,1801,2,True,3,3,64.0000000000,
22.1493665029,20510777800,True,1.0000000000,4.0000000000,-0.0320000000,0.0000000000,0.0000000000,-0.0151006700,-0.0021571990,0.9998837000,True,1.0000000000,4.0000000000,0.0320000000,0.0000000000,0.0000000000,-0.0151006700,-0.0021571990,0.9998837000,0.0000000000,0.0000000000,0.0000000000,-0.0151006700,-0.0021571990,0.9998837000,2.0000000000,1802,2,True,3,3,64.0000000000,
22.1575482029,20518959700,True,1.0000000000,4.0000000000,-0.0320000000,0.0000000000,0.0000000000,-0.0151006700,-0.0021571990,0.9998837000,True,1.0000000000,4.0000000000,0.0320000000,0.0000000000,0.0000000000,-0.0151006700,-0.0021571990,0.9998837000,0.0000000000,0.0000000000,0.0000000000,-0.0151006700,-0.0021571990,0.9998837000,2.0000000000,1803,2,True,3,3,64.0000000000,
22.1658322029,20527243700,True,1.0000000000,4.0000000000,-0.0320000000,0.0000000000,0.0000000000,-0.0151006700,-0.0021571990,0.9998837000,True,1.0000000000,4.0000000000,0.0320000000,0.0000000000,0.0000000000,-0.0151006700,-0.0021571990,0.9998837000,0.0000000000,0.0000000000,0.0000000000,-0.0151006700,-0.0021571990,0.9998837000,2.0000000000,1804,2,True,3,3,64.0000000000,
22.1745380029,20535949500,True,1.0000000000,4.0000000000,-0.0320000000,0.0000000000,0.0000000000,-0.0151006700,-0.0021571990,0.9998837000,True,1.0000000000,4.0000000000,0.0320000000,0.0000000000,0.0000000000,-0.0151006700,-0.0021571990,0.9998837000,0.0000000000,0.0000000000,0.0000000000,-0.0151006700,-0.0021571990,0.9998837000,2.0000000000,1805,2,True,3,3,64.0000000000,
22.1831832029,20544594300,True,1.0000000000,4.0000000000,-0.0320000000,0.0000000000,0.0000000000,-0.0151006700,-0.0021571990,0.9998837000,True,1.0000000000,4.0000000000,0.0320000000,0.0000000000,0.0000000000,-0.0151006700,-0.0021571990,0.9998837000,0.0000000000,0.0000000000,0.0000000000,-0.0151006700,-0.0021571990,0.9998837000,2.0000000000,1806,2,True,3,3,64.0000000000,TrialResponse;sequence=2;attempt=1;response=Concave;response_s=0.4600;valid=1|StimulusHidden;visual_space_l=1.200;fov_deg=90.00;edge_softness_deg=1.00;circular_aperture=True;grid_spacing_deg=10.00;grid_spacing_uv=0.176327;content_zoom=1.000;eye=BothEyes
22.1933800029,20554791400,True,1.0000000000,4.0000000000,-0.0320000000,0.0000000000,0.0000000000,-0.0151006700,-0.0021571990,0.9998837000,True,1.0000000000,4.0000000000,0.0320000000,0.0000000000,0.0000000000,-0.0151006700,-0.0021571990,0.9998837000,0.0000000000,0.0000000000,0.0000000000,-0.0151006700,-0.0021571990,0.9998837000,2.0000000000,1807,2,True,3,3,64.0000000000,
22.2042329029,20565644400,True,1.0000000000,4.0000000000,-0.0320000000,0.0000000000,0.0000000000,-0.0151006700,-0.0021571990,0.9998837000,True,1.0000000000,4.0000000000,0.0320000000,0.0000000000,0.0000000000,-0.0151006700,-0.0021571990,0.9998837000,0.0000000000,0.0000000000,0.0000000000,-0.0151006700,-0.0021571990,0.9998837000,2.0000000000,1808,2,True,3,3,64.0000000000,
22.2139059029,20575317300,True,1.0000000000,4.0000000000,-0.0320000000,0.0000000000,0.0000000000,-0.0151006700,-0.0021571990,0.9998837000,True,1.0000000000,4.0000000000,0.0320000000,0.0000000000,0.0000000000,-0.0151006700,-0.0021571990,0.9998837000,0.0000000000,0.0000000000,0.0000000000,-0.0151006700,-0.0021571990,0.9998837000,2.0000000000,1809,2,True,3,3,64.0000000000,
22.2243518029,20585763000,True,1.0000000000,4.0000000000,-0.0320000000,0.0000000000,0.0000000000,-0.0151006700,-0.0021571990,0.9998837000,True,1.0000000000,4.0000000000,0.0320000000,0.0000000000,0.0000000000,-0.0151006700,-0.0021571990,0.9998837000,0.0000000000,0.0000000000,0.0000000000,-0.0151006700,-0.0021571990,0.9998837000,2.0000000000,1810,2,True,3,3,64.0000000000,
22.2351573029,20596568800,True,1.0000000000,4.0000000000,-0.0320000000,0.0000000000,0.0000000000,-0.0151006700,-0.0021571990,0.9998837000,True,1.0000000000,4.0000000000,0.0320000000,0.0000000000,0.0000000000,-0.0151006700,-0.0021571990,0.9998837000,0.0000000000,0.0000000000,0.0000000000,-0.0151006700,-0.0021571990,0.9998837000,2.0000000000,1811,2,True,3,3,64.0000000000,
22.2455552029,20606966600,True,1.0000000000,4.0000000000,-0.0320000000,0.0000000000,0.0000000000,-0.0151006700,-0.0021571990,0.9998837000,True,1.0000000000,4.0000000000,0.0320000000,0.0000000000,0.0000000000,-0.0151006700,-0.0021571990,0.9998837000,0.0000000000,0.0000000000,0.0000000000,-0.0151006700,-0.0021571990,0.9998837000,2.0000000000,1812,2,True,3,3,64.0000000000,
22.2563302029,20617741600,True,1.0000000000,4.0000000000,-0.0320000000,0.0000000000,0.0000000000,-0.0151006700,-0.0021571990,0.9998837000,True,1.0000000000,4.0000000000,0.0320000000,0.0000000000,0.0000000000,-0.0151006700,-0.0021571990,0.9998837000,0.0000000000,0.0000000000,0.0000000000,-0.0151006700,-0.0021571990,0.9998837000,2.0000000000,1813,2,True,3,3,64.0000000000,
22.2665198029,20627931100,True,1.0000000000,4.0000000000,-0.0320000000,0.0000000000,0.0000000000,-0.0151006700,-0.0021571990,0.9998837000,True,1.0000000000,4.0000000000,0.0320000000,0.0000000000,0.0000000000,-0.0151006700,-0.0021571990,0.9998837000,0.0000000000,0.0000000000,0.0000000000,-0.0151006700,-0.0021571990,0.9998837000,2.0000000000,1814,2,True,3,3,64.0000000000,
22.2771219029,20638533400,True,1.0000000000,4.0000000000,-0.0320000000,0.0000000000,0.0000000000,-0.0151006700,-0.0021571990,0.9998837000,True,1.0000000000,4.0000000000,0.0320000000,0.0000000000,0.0000000000,-0.0151006700,-0.0021571990,0.9998837000,0.0000000000,0.0000000000,0.0000000000,-0.0151006700,-0.0021571990,0.9998837000,2.0000000000,1815,2,True,3,3,64.0000000000,
22.2878161029,20649227600,True,1.0000000000,4.0000000000,-0.0320000000,0.0000000000,0.0000000000,-0.0151006700,-0.0021571990,0.9998837000,True,1.0000000000,4.0000000000,0.0320000000,0.0000000000,0.0000000000,-0.0151006700,-0.0021571990,0.9998837000,0.0000000000,0.0000000000,0.0000000000,-0.0151006700,-0.0021571990,0.9998837000,2.0000000000,1816,2,True,3,3,64.0000000000,
22.2983306029,20659742100,True,1.0000000000,4.0000000000,-0.0320000000,0.0000000000,0.0000000000,-0.0151006700,-0.0021571990,0.9998837000,True,1.0000000000,4.0000000000,0.0320000000,0.0000000000,0.0000000000,-0.0151006700,-0.0021571990,0.9998837000,0.0000000000,0.0000000000,0.0000000000,-0.0151006700,-0.0021571990,0.9998837000,2.0000000000,1817,2,True,3,3,64.0000000000,
22.3081189029,20669530300,True,1.0000000000,4.0000000000,-0.0320000000,0.0000000000,0.0000000000,-0.0151006700,-0.0021571990,0.9998837000,True,1.0000000000,4.0000000000,0.0320000000,0.0000000000,0.0000000000,-0.0151006700,-0.0021571990,0.9998837000,0.0000000000,0.0000000000,0.0000000000,-0.0151006700,-0.0021571990,0.9998837000,2.0000000000,1818,2,True,3,3,64.0000000000,
22.3187336029,20680144900,True,1.0000000000,4.0000000000,-0.0320000000,0.0000000000,0.0000000000,-0.0151006700,-0.0021571990,0.9998837000,True,1.0000000000,4.0000000000,0.0320000000,0.0000000000,0.0000000000,-0.0151006700,-0.0021571990,0.9998837000,0.0000000000,0.0000000000,0.0000000000,-0.0151006700,-0.0021571990,0.9998837000,2.0000000000,1819,2,True,3,3,64.0000000000,
22.3295956029,20691007100,True,1.0000000000,4.0000000000,-0.0320000000,0.0000000000,0.0000000000,-0.0151006700,-0.0021571990,0.9998837000,True,1.0000000000,4.0000000000,0.0320000000,0.0000000000,0.0000000000,-0.0151006700,-0.0021571990,0.9998837000,0.0000000000,0.0000000000,0.0000000000,-0.0151006700,-0.0021571990,0.9998837000,2.0000000000,1820,2,True,3,3,64.0000000000,
22.3399908029,20701402300,True,1.0000000000,4.0000000000,-0.0320000000,0.0000000000,0.0000000000,-0.0151006700,-0.0021571990,0.9998837000,True,1.0000000000,4.0000000000,0.0320000000,0.0000000000,0.0000000000,-0.0151006700,-0.0021571990,0.9998837000,0.0000000000,0.0000000000,0.0000000000,-0.0151006700,-0.0021571990,0.9998837000,2.0000000000,1821,2,True,3,3,64.0000000000,
22.3509234029,20712334700,True,1.0000000000,4.0000000000,-0.0320000000,0.0000000000,0.0000000000,-0.0151006700,-0.0021571990,0.9998837000,True,1.0000000000,4.0000000000,0.0320000000,0.0000000000,0.0000000000,-0.0151006700,-0.0021571990,0.9998837000,0.0000000000,0.0000000000,0.0000000000,-0.0151006700,-0.0021571990,0.9998837000,2.0000000000,1822,2,True,3,3,64.0000000000,
22.3614365029,20722848100,True,1.0000000000,4.0000000000,-0.0320000000,0.0000000000,0.0000000000,-0.0151006700,-0.0021571990,0.9998837000,True,1.0000000000,4.0000000000,0.0320000000,0.0000000000,0.0000000000,-0.0151006700,-0.0021571990,0.9998837000,0.0000000000,0.0000000000,0.0000000000,-0.0151006700,-0.0021571990,0.9998837000,2.0000000000,1823,2,True,3,3,64.0000000000,
22.3724340029,20733845300,True,1.0000000000,4.0000000000,-0.0320000000,0.0000000000,0.0000000000,-0.0151006700,-0.0021571990,0.9998837000,True,1.0000000000,4.0000000000,0.0320000000,0.0000000000,0.0000000000,-0.0151006700,-0.0021571990,0.9998837000,0.0000000000,0.0000000000,0.0000000000,-0.0151006700,-0.0021571990,0.9998837000,2.0000000000,1824,2,True,3,3,64.0000000000,
22.3821030029,20743514500,True,1.0000000000,4.0000000000,-0.0320000000,0.0000000000,0.0000000000,-0.0151006700,-0.0021571990,0.9998837000,True,1.0000000000,4.0000000000,0.0320000000,0.0000000000,0.0000000000,-0.0151006700,-0.0021571990,0.9998837000,0.0000000000,0.0000000000,0.0000000000,-0.0151006700,-0.0021571990,0.9998837000,2.0000000000,1825,2,True,3,3,64.0000000000,
22.3928060029,20754217500,True,1.0000000000,4.0000000000,-0.0320000000,0.0000000000,0.0000000000,-0.0151006700,-0.0021571990,0.9998837000,True,1.0000000000,4.0000000000,0.0320000000,0.0000000000,0.0000000000,-0.0151006700,-0.0021571990,0.9998837000,0.0000000000,0.0000000000,0.0000000000,-0.0151006700,-0.0021571990,0.9998837000,2.0000000000,1826,2,True,3,3,64.0000000000,
22.4031860029,20764597500,True,1.0000000000,4.0000000000,-0.0320000000,0.0000000000,0.0000000000,-0.0151006700,-0.0021571990,0.9998837000,True,1.0000000000,4.0000000000,0.0320000000,0.0000000000,0.0000000000,-0.0151006700,-0.0021571990,0.9998837000,0.0000000000,0.0000000000,0.0000000000,-0.0151006700,-0.0021571990,0.9998837000,2.0000000000,1827,2,True,3,3,64.0000000000,
22.4135617029,20774973200,True,1.0000000000,4.0000000000,-0.0320000000,0.0000000000,0.0000000000,-0.0151006700,-0.0021571990,0.9998837000,True,1.0000000000,4.0000000000,0.0320000000,0.0000000000,0.0000000000,-0.0151006700,-0.0021571990,0.9998837000,0.0000000000,0.0000000000,0.0000000000,-0.0151006700,-0.0021571990,0.9998837000,2.0000000000,1828,2,True,3,3,64.0000000000,
22.4242534029,20785664900,True,1.0000000000,4.0000000000,-0.0320000000,0.0000000000,0.0000000000,-0.0151006700,-0.0021571990,0.9998837000,True,1.0000000000,4.0000000000,0.0320000000,0.0000000000,0.0000000000,-0.0151006700,-0.0021571990,0.9998837000,0.0000000000,0.0000000000,0.0000000000,-0.0151006700,-0.0021571990,0.9998837000,2.0000000000,1829,2,True,3,3,64.0000000000,
22.4339725029,20795384100,True,1.0000000000,4.0000000000,-0.0320000000,0.0000000000,0.0000000000,-0.0151006700,-0.0021571990,0.9998837000,True,1.0000000000,4.0000000000,0.0320000000,0.0000000000,0.0000000000,-0.0151006700,-0.0021571990,0.9998837000,0.0000000000,0.0000000000,0.0000000000,-0.0151006700,-0.0021571990,0.9998837000,2.0000000000,1830,2,True,3,3,64.0000000000,
22.4442743029,20805685800,True,1.0000000000,4.0000000000,-0.0320000000,0.0000000000,0.0000000000,-0.0151006700,-0.0021571990,0.9998837000,True,1.0000000000,4.0000000000,0.0320000000,0.0000000000,0.0000000000,-0.0151006700,-0.0021571990,0.9998837000,0.0000000000,0.0000000000,0.0000000000,-0.0151006700,-0.0021571990,0.9998837000,2.0000000000,1831,2,True,3,3,64.0000000000,
22.4543913029,20815802900,True,1.0000000000,4.0000000000,-0.0320000000,0.0000000000,0.0000000000,-0.0151006700,-0.0021571990,0.9998837000,True,1.0000000000,4.0000000000,0.0320000000,0.0000000000,0.0000000000,-0.0151006700,-0.0021571990,0.9998837000,0.0000000000,0.0000000000,0.0000000000,-0.0151006700,-0.0021571990,0.9998837000,2.0000000000,1832,2,True,3,3,64.0000000000,
22.4648196029,20826231100,True,1.0000000000,4.0000000000,-0.0320000000,0.0000000000,0.0000000000,-0.0151006700,-0.0021571990,0.9998837000,True,1.0000000000,4.0000000000,0.0320000000,0.0000000000,0.0000000000,-0.0151006700,-0.0021571990,0.9998837000,0.0000000000,0.0000000000,0.0000000000,-0.0151006700,-0.0021571990,0.9998837000,2.0000000000,1833,2,True,3,3,64.0000000000,
22.4749148029,20836326300,True,1.0000000000,4.0000000000,-0.0320000000,0.0000000000,0.0000000000,-0.0151006700,-0.0021571990,0.9998837000,True,1.0000000000,4.0000000000,0.0320000000,0.0000000000,0.0000000000,-0.0151006700,-0.0021571990,0.9998837000,0.0000000000,0.0000000000,0.0000000000,-0.0151006700,-0.0021571990,0.9998837000,2.0000000000,1834,2,True,3,3,64.0000000000,
22.4856418029,20847053300,True,1.0000000000,4.0000000000,-0.0320000000,0.0000000000,0.0000000000,-0.0151006700,-0.0021571990,0.9998837000,True,1.0000000000,4.0000000000,0.0320000000,0.0000000000,0.0000000000,-0.0151006700,-0.0021571990,0.9998837000,0.0000000000,0.0000000000,0.0000000000,-0.0151006700,-0.0021571990,0.9998837000,2.0000000000,1835,2,True,3,3,64.0000000000,
22.4959329029,20857344500,True,1.0000000000,4.0000000000,-0.0320000000,0.0000000000,0.0000000000,-0.0151006700,-0.0021571990,0.9998837000,True,1.0000000000,4.0000000000,0.0320000000,0.0000000000,0.0000000000,-0.0151006700,-0.0021571990,0.9998837000,0.0000000000,0.0000000000,0.0000000000,-0.0151006700,-0.0021571990,0.9998837000,2.0000000000,1836,2,True,3,3,64.0000000000,
22.5068998029,20868310900,True,1.0000000000,4.0000000000,-0.0320000000,0.0000000000,0.0000000000,-0.0151006700,-0.0021571990,0.9998837000,True,1.0000000000,4.0000000000,0.0320000000,0.0000000000,0.0000000000,-0.0151006700,-0.0021571990,0.9998837000,0.0000000000,0.0000000000,0.0000000000,-0.0151006700,-0.0021571990,0.9998837000,2.0000000000,1837,2,True,3,3,64.0000000000,
22.5168370029,20878248200,True,1.0000000000,4.0000000000,-0.0320000000,0.0000000000,0.0000000000,-0.0151006700,-0.0021571990,0.9998837000,True,1.0000000000,4.0000000000,0.0320000000,0.0000000000,0.0000000000,-0.0151006700,-0.0021571990,0.9998837000,0.0000000000,0.0000000000,0.0000000000,-0.0151006700,-0.0021571990,0.9998837000,2.0000000000,1838,2,True,3,3,64.0000000000,
22.5274025029,20888814100,True,1.0000000000,4.0000000000,-0.0320000000,0.0000000000,0.0000000000,-0.0151006700,-0.0021571990,0.9998837000,True,1.0000000000,4.0000000000,0.0320000000,0.0000000000,0.0000000000,-0.0151006700,-0.0021571990,0.9998837000,0.0000000000,0.0000000000,0.0000000000,-0.0151006700,-0.0021571990,0.9998837000,2.0000000000,1839,2,True,3,3,64.0000000000,
22.5377685029,20899179700,True,1.0000000000,4.0000000000,-0.0320000000,0.0000000000,0.0000000000,-0.0151006700,-0.0021571990,0.9998837000,True,1.0000000000,4.0000000000,0.0320000000,0.0000000000,0.0000000000,-0.0151006700,-0.0021571990,0.9998837000,0.0000000000,0.0000000000,0.0000000000,-0.0151006700,-0.0021571990,0.9998837000,2.0000000000,1840,2,True,3,3,64.0000000000,
22.5457907029,20907202100,True,1.0000000000,4.0000000000,-0.0320000000,0.0000000000,0.0000000000,-0.0151006700,-0.0021571990,0.9998837000,True,1.0000000000,4.0000000000,0.0320000000,0.0000000000,0.0000000000,-0.0151006700,-0.0021571990,0.9998837000,0.0000000000,0.0000000000,0.0000000000,-0.0151006700,-0.0021571990,0.9998837000,2.0000000000,1841,2,True,3,3,64.0000000000,
22.5539860029,20915397500,True,1.0000000000,4.0000000000,-0.0320000000,0.0000000000,0.0000000000,-0.0151006700,-0.0021571990,0.9998837000,True,1.0000000000,4.0000000000,0.0320000000,0.0000000000,0.0000000000,-0.0151006700,-0.0021571990,0.9998837000,0.0000000000,0.0000000000,0.0000000000,-0.0151006700,-0.0021571990,0.9998837000,2.0000000000,1842,2,True,3,3,64.0000000000,
22.5624609029,20923872400,True,1.0000000000,4.0000000000,-0.0320000000,0.0000000000,0.0000000000,-0.0151006700,-0.0021571990,0.9998837000,True,1.0000000000,4.0000000000,0.0320000000,0.0000000000,0.0000000000,-0.0151006700,-0.0021571990,0.9998837000,0.0000000000,0.0000000000,0.0000000000,-0.0151006700,-0.0021571990,0.9998837000,2.0000000000,1843,2,True,3,3,64.0000000000,
22.5707122029,20932123500,True,1.0000000000,4.0000000000,-0.0320000000,0.0000000000,0.0000000000,-0.0151006700,-0.0021571990,0.9998837000,True,1.0000000000,4.0000000000,0.0320000000,0.0000000000,0.0000000000,-0.0151006700,-0.0021571990,0.9998837000,0.0000000000,0.0000000000,0.0000000000,-0.0151006700,-0.0021571990,0.9998837000,2.0000000000,1844,2,True,3,3,64.0000000000,
22.5798474029,20941258600,True,1.0000000000,4.0000000000,-0.0320000000,0.0000000000,0.0000000000,-0.0151006700,-0.0021571990,0.9998837000,True,1.0000000000,4.0000000000,0.0320000000,0.0000000000,0.0000000000,-0.0151006700,-0.0021571990,0.9998837000,0.0000000000,0.0000000000,0.0000000000,-0.0151006700,-0.0021571990,0.9998837000,2.0000000000,1845,2,True,3,3,64.0000000000,
22.5905710029,20951977000,True,1.0000000000,4.0000000000,-0.0320000000,0.0000000000,0.0000000000,-0.0151006700,-0.0021571990,0.9998837000,True,1.0000000000,4.0000000000,0.0320000000,0.0000000000,0.0000000000,-0.0151006700,-0.0021571990,0.9998837000,0.0000000000,0.0000000000,0.0000000000,-0.0151006700,-0.0021571990,0.9998837000,2.0000000000,1846,2,True,3,3,64.0000000000,
22.6006919029,20962103300,True,1.0000000000,4.0000000000,-0.0320000000,0.0000000000,0.0000000000,-0.0151006700,-0.0021571990,0.9998837000,True,1.0000000000,4.0000000000,0.0320000000,0.0000000000,0.0000000000,-0.0151006700,-0.0021571990,0.9998837000,0.0000000000,0.0000000000,0.0000000000,-0.0151006700,-0.0021571990,0.9998837000,2.0000000000,1847,2,True,3,3,64.0000000000,
22.6112704029,20972681700,True,1.0000000000,4.0000000000,-0.0320000000,0.0000000000,0.0000000000,-0.0151006700,-0.0021571990,0.9998837000,True,1.0000000000,4.0000000000,0.0320000000,0.0000000000,0.0000000000,-0.0151006700,-0.0021571990,0.9998837000,0.0000000000,0.0000000000,0.0000000000,-0.0151006700,-0.0021571990,0.9998837000,2.0000000000,1848,2,True,3,3,64.0000000000,
22.6225048029,20983916100,True,1.0000000000,4.0000000000,-0.0320000000,0.0000000000,0.0000000000,-0.0151006700,-0.0021571990,0.9998837000,True,1.0000000000,4.0000000000,0.0320000000,0.0000000000,0.0000000000,-0.0151006700,-0.0021571990,0.9998837000,0.0000000000,0.0000000000,0.0000000000,-0.0151006700,-0.0021571990,0.9998837000,2.0000000000,1849,2,True,3,3,64.0000000000,
22.6328113029,20994222600,True,1.0000000000,4.0000000000,-0.0320000000,0.0000000000,0.0000000000,-0.0151006700,-0.0021571990,0.9998837000,True,1.0000000000,4.0000000000,0.0320000000,0.0000000000,0.0000000000,-0.0151006700,-0.0021571990,0.9998837000,0.0000000000,0.0000000000,0.0000000000,-0.0151006700,-0.0021571990,0.9998837000,2.0000000000,1850,2,True,3,3,64.0000000000,
22.6429505029,21004361900,True,1.0000000000,4.0000000000,-0.0320000000,0.0000000000,0.0000000000,-0.0151006700,-0.0021571990,0.9998837000,True,1.0000000000,4.0000000000,0.0320000000,0.0000000000,0.0000000000,-0.0151006700,-0.0021571990,0.9998837000,0.0000000000,0.0000000000,0.0000000000,-0.0151006700,-0.0021571990,0.9998837000,2.0000000000,1851,2,True,3,3,64.0000000000,
22.6528964029,21014307800,True,1.0000000000,4.0000000000,-0.0320000000,0.0000000000,0.0000000000,-0.0151006700,-0.0021571990,0.9998837000,True,1.0000000000,4.0000000000,0.0320000000,0.0000000000,0.0000000000,-0.0151006700,-0.0021571990,0.9998837000,0.0000000000,0.0000000000,0.0000000000,-0.0151006700,-0.0021571990,0.9998837000,2.0000000000,1852,2,True,3,3,64.0000000000,
22.6637634029,21025174500,True,1.0000000000,4.0000000000,-0.0320000000,0.0000000000,0.0000000000,-0.0151006700,-0.0021571990,0.9998837000,True,1.0000000000,4.0000000000,0.0320000000,0.0000000000,0.0000000000,-0.0151006700,-0.0021571990,0.9998837000,0.0000000000,0.0000000000,0.0000000000,-0.0151006700,-0.0021571990,0.9998837000,2.0000000000,1853,2,True,3,3,64.0000000000,
22.6749524029,21036363800,True,1.0000000000,4.0000000000,-0.0320000000,0.0000000000,0.0000000000,-0.0151006700,-0.0021571990,0.9998837000,True,1.0000000000,4.0000000000,0.0320000000,0.0000000000,0.0000000000,-0.0151006700,-0.0021571990,0.9998837000,0.0000000000,0.0000000000,0.0000000000,-0.0151006700,-0.0021571990,0.9998837000,2.0000000000,1854,2,True,3,3,64.0000000000,
22.6851374029,21046548700,True,1.0000000000,4.0000000000,-0.0320000000,0.0000000000,0.0000000000,-0.0151006700,-0.0021571990,0.9998837000,True,1.0000000000,4.0000000000,0.0320000000,0.0000000000,0.0000000000,-0.0151006700,-0.0021571990,0.9998837000,0.0000000000,0.0000000000,0.0000000000,-0.0151006700,-0.0021571990,0.9998837000,2.0000000000,1855,2,True,3,3,64.0000000000,StimulusHidden;visual_space_l=1.200;fov_deg=90.00;edge_softness_deg=1.00;circular_aperture=True;grid_spacing_deg=10.00;grid_spacing_uv=0.176327;content_zoom=1.000;eye=BothEyes|StimulusChanged;visual_space_l=1.200;fov_deg=90.00;edge_softness_deg=1.00;circular_aperture=True;grid_spacing_deg=10.00;grid_spacing_uv=0.176327;content_zoom=1.000;eye=BothEyes|StimulusChanged;visual_space_l=1.200;fov_deg=90.00;edge_softness_deg=1.00;circular_aperture=True;grid_spacing_deg=10.00;grid_spacing_uv=0.176327;content_zoom=1.000;eye=BothEyes|StimulusChanged;visual_space_l=0.400;fov_deg=90.00;edge_softness_deg=1.00;circular_aperture=True;grid_spacing_deg=10.00;grid_spacing_uv=0.176327;content_zoom=1.000;eye=BothEyes|StimulusChanged;visual_space_l=0.400;fov_deg=90.00;edge_softness_deg=1.00;circular_aperture=True;grid_spacing_deg=10.00;grid_spacing_uv=0.176327;content_zoom=1.000;eye=BothEyes|TrialStart;presentation=3;sequence=3;condition=6;repetition=3;attempt=1;eye=BothEyes;fov_deg=90.000;edge_softness_deg=1.000;circular_aperture=True;grid_spacing_deg=10.000;grid_spacing_uv=0.176327;visual_space_l=0.4000;content_zoom=1.0000|StimulusPresented;visual_space_l=0.400;fov_deg=90.00;edge_softness_deg=1.00;circular_aperture=True;grid_spacing_deg=10.00;grid_spacing_uv=0.176327;content_zoom=1.000;eye=BothEyes
22.6957276029,21057139100,True,1.0000000000,4.0000000000,-0.0320000000,0.0000000000,0.0000000000,-0.0151006700,-0.0021571990,0.9998837000,True,1.0000000000,4.0000000000,0.0320000000,0.0000000000,0.0000000000,-0.0151006700,-0.0021571990,0.9998837000,0.0000000000,0.0000000000,0.0000000000,-0.0151006700,-0.0021571990,0.9998837000,2.0000000000,1856,2,True,3,3,64.0000000000,
22.7060887029,21067500200,True,1.0000000000,4.0000000000,-0.0320000000,0.0000000000,0.0000000000,-0.0151006700,-0.0021571990,0.9998837000,True,1.0000000000,4.0000000000,0.0320000000,0.0000000000,0.0000000000,-0.0151006700,-0.0021571990,0.9998837000,0.0000000000,0.0000000000,0.0000000000,-0.0151006700,-0.0021571990,0.9998837000,2.0000000000,1857,2,True,3,3,64.0000000000,
22.7167431029,21078154500,True,1.0000000000,4.0000000000,-0.0320000000,0.0000000000,0.0000000000,-0.0151006700,-0.0021571990,0.9998837000,True,1.0000000000,4.0000000000,0.0320000000,0.0000000000,0.0000000000,-0.0151006700,-0.0021571990,0.9998837000,0.0000000000,0.0000000000,0.0000000000,-0.0151006700,-0.0021571990,0.9998837000,2.0000000000,1858,2,True,3,3,64.0000000000,
22.7271628029,21088574400,True,1.0000000000,4.0000000000,-0.0320000000,0.0000000000,0.0000000000,-0.0151006700,-0.0021571990,0.9998837000,True,1.0000000000,4.0000000000,0.0320000000,0.0000000000,0.0000000000,-0.0151006700,-0.0021571990,0.9998837000,0.0000000000,0.0000000000,0.0000000000,-0.0151006700,-0.0021571990,0.9998837000,2.0000000000,1859,2,True,3,3,64.0000000000,
22.7375462029,21098957500,True,1.0000000000,4.0000000000,-0.0320000000,0.0000000000,0.0000000000,-0.0151006700,-0.0021571990,0.9998837000,True,1.0000000000,4.0000000000,0.0320000000,0.0000000000,0.0000000000,-0.0151006700,-0.0021571990,0.9998837000,0.0000000000,0.0000000000,0.0000000000,-0.0151006700,-0.0021571990,0.9998837000,2.0000000000,1860,2,True,3,3,64.0000000000,
22.7475632029,21108974600,True,1.0000000000,4.0000000000,-0.0320000000,0.0000000000,0.0000000000,-0.0151006700,-0.0021571990,0.9998837000,True,1.0000000000,4.0000000000,0.0320000000,0.0000000000,0.0000000000,-0.0151006700,-0.0021571990,0.9998837000,0.0000000000,0.0000000000,0.0000000000,-0.0151006700,-0.0021571990,0.9998837000,2.0000000000,1861,2,True,3,3,64.0000000000,
22.7584930029,21119904500,True,1.0000000000,4.0000000000,-0.0320000000,0.0000000000,0.0000000000,-0.0151006700,-0.0021571990,0.9998837000,True,1.0000000000,4.0000000000,0.0320000000,0.0000000000,0.0000000000,-0.0151006700,-0.0021571990,0.9998837000,0.0000000000,0.0000000000,0.0000000000,-0.0151006700,-0.0021571990,0.9998837000,2.0000000000,1862,2,True,3,3,64.0000000000,
22.7688515029,21130262900,True,1.0000000000,4.0000000000,-0.0320000000,0.0000000000,0.0000000000,-0.0151006700,-0.0021571990,0.9998837000,True,1.0000000000,4.0000000000,0.0320000000,0.0000000000,0.0000000000,-0.0151006700,-0.0021571990,0.9998837000,0.0000000000,0.0000000000,0.0000000000,-0.0151006700,-0.0021571990,0.9998837000,2.0000000000,1863,2,True,3,3,64.0000000000,
22.7790631029,21140474700,True,1.0000000000,4.0000000000,-0.0320000000,0.0000000000,0.0000000000,-0.0151006700,-0.0021571990,0.9998837000,True,1.0000000000,4.0000000000,0.0320000000,0.0000000000,0.0000000000,-0.0151006700,-0.0021571990,0.9998837000,0.0000000000,0.0000000000,0.0000000000,-0.0151006700,-0.0021571990,0.9998837000,2.0000000000,1864,2,True,3,3,64.0000000000,
22.7893114029,21150722800,True,1.0000000000,4.0000000000,-0.0320000000,0.0000000000,0.0000000000,-0.0151006700,-0.0021571990,0.9998837000,True,1.0000000000,4.0000000000,0.0320000000,0.0000000000,0.0000000000,-0.0151006700,-0.0021571990,0.9998837000,0.0000000000,0.0000000000,0.0000000000,-0.0151006700,-0.0021571990,0.9998837000,2.0000000000,1865,2,True,3,3,64.0000000000,
22.7996943029,21161105800,True,1.0000000000,4.0000000000,-0.0320000000,0.0000000000,0.0000000000,-0.0151006700,-0.0021571990,0.9998837000,True,1.0000000000,4.0000000000,0.0320000000,0.0000000000,0.0000000000,-0.0151006700,-0.0021571990,0.9998837000,0.0000000000,0.0000000000,0.0000000000,-0.0151006700,-0.0021571990,0.9998837000,2.0000000000,1866,2,True,3,3,64.0000000000,
22.8097974029,21171209000,True,1.0000000000,4.0000000000,-0.0320000000,0.0000000000,0.0000000000,-0.0151006700,-0.0021571990,0.9998837000,True,1.0000000000,4.0000000000,0.0320000000,0.0000000000,0.0000000000,-0.0151006700,-0.0021571990,0.9998837000,0.0000000000,0.0000000000,0.0000000000,-0.0151006700,-0.0021571990,0.9998837000,2.0000000000,1867,2,True,3,3,64.0000000000,
22.8202980029,21181709400,True,1.0000000000,4.0000000000,-0.0320000000,0.0000000000,0.0000000000,-0.0151006700,-0.0021571990,0.9998837000,True,1.0000000000,4.0000000000,0.0320000000,0.0000000000,0.0000000000,-0.0151006700,-0.0021571990,0.9998837000,0.0000000000,0.0000000000,0.0000000000,-0.0151006700,-0.0021571990,0.9998837000,2.0000000000,1868,2,True,3,3,64.0000000000,
22.8303829029,21191794400,True,1.0000000000,4.0000000000,-0.0320000000,0.0000000000,0.0000000000,-0.0151006700,-0.0021571990,0.9998837000,True,1.0000000000,4.0000000000,0.0320000000,0.0000000000,0.0000000000,-0.0151006700,-0.0021571990,0.9998837000,0.0000000000,0.0000000000,0.0000000000,-0.0151006700,-0.0021571990,0.9998837000,2.0000000000,1869,2,True,3,3,64.0000000000,
22.8406655029,21202076800,True,1.0000000000,4.0000000000,-0.0320000000,0.0000000000,0.0000000000,-0.0151006700,-0.0021571990,0.9998837000,True,1.0000000000,4.0000000000,0.0320000000,0.0000000000,0.0000000000,-0.0151006700,-0.0021571990,0.9998837000,0.0000000000,0.0000000000,0.0000000000,-0.0151006700,-0.0021571990,0.9998837000,2.0000000000,1870,2,True,3,3,64.0000000000,
22.8487623029,21210173900,True,1.0000000000,4.0000000000,-0.0320000000,0.0000000000,0.0000000000,-0.0129438800,0.0021573840,0.9999139000,True,1.0000000000,4.0000000000,0.0320000000,0.0000000000,0.0000000000,-0.0129438800,0.0021573840,0.9999139000,0.0000000000,0.0000000000,0.0000000000,-0.0129438800,0.0021573840,0.9999139000,2.0000000000,1871,2,True,3,3,64.0000000000,
22.8575279029,21218939400,True,1.0000000000,4.0000000000,-0.0320000000,0.0000000000,0.0000000000,0.0559497700,0.0451900800,0.9974104000,True,1.0000000000,4.0000000000,0.0320000000,0.0000000000,0.0000000000,0.0559497700,0.0451900800,0.9974104000,0.0000000000,0.0000000000,0.0000000000,0.0559497700,0.0451900800,0.9974104000,2.0000000000,1872,2,True,3,3,64.0000000000,
22.8666658029,21228077300,True,1.0000000000,4.0000000000,-0.0320000000,0.0000000000,0.0000000000,0.1711460000,0.1077585000,0.9793351000,True,1.0000000000,4.0000000000,0.0320000000,0.0000000000,0.0000000000,0.1711460000,0.1077585000,0.9793351000,0.0000000000,0.0000000000,0.0000000000,0.1711460000,0.1077585000,0.9793351000,2.0000000000,1873,2,True,3,3,64.0000000000,
22.8750602029,21236471600,True,1.0000000000,4.0000000000,-0.0320000000,0.0000000000,0.0000000000,0.2856501000,0.1550672000,0.9457051000,True,1.0000000000,4.0000000000,0.0320000000,0.0000000000,0.0000000000,0.2856501000,0.1550672000,0.9457051000,0.0000000000,0.0000000000,0.0000000000,0.2856501000,0.1550672000,0.9457051000,2.0000000000,1874,2,True,3,3,64.0000000000,
22.8841835029,21245594900,True,1.0000000000,4.0000000000,-0.0320000000,0.0000000000,0.0000000000,0.3735730000,0.1730234000,0.9113211000,True,1.0000000000,4.0000000000,0.0320000000,0.0000000000,0.0000000000,0.3735730000,0.1730234000,0.9113211000,0.0000000000,0.0000000000,0.0000000000,0.3735730000,0.1730234000,0.9113211000,2.0000000000,1875,2,True,3,3,64.0000000000,
22.8951905029,21256601600,True,1.0000000000,4.0000000000,-0.0320000000,0.0000000000,0.0000000000,0.4176004000,0.1731983000,0.8919710000,True,1.0000000000,4.0000000000,0.0320000000,0.0000000000,0.0000000000,0.4176004000,0.1731983000,0.8919710000,0.0000000000,0.0000000000,0.0000000000,0.4176004000,0.1731983000,0.8919710000,2.0000000000,1876,2,True,3,3,64.0000000000,
22.9054247029,21266835900,True,1.0000000000,4.0000000000,-0.0320000000,0.0000000000,0.0000000000,0.4256365000,0.1706381000,0.8886598000,True,1.0000000000,4.0000000000,0.0320000000,0.0000000000,0.0000000000,0.4256365000,0.1706381000,0.8886598000,0.0000000000,0.0000000000,0.0000000000,0.4256365000,0.1706381000,0.8886598000,2.0000000000,1877,2,True,3,3,64.0000000000,
22.9159963029,21277407600,True,1.0000000000,4.0000000000,-0.0320000000,0.0000000000,0.0000000000,0.4256365000,0.1706381000,0.8886598000,True,1.0000000000,4.0000000000,0.0320000000,0.0000000000,0.0000000000,0.4256365000,0.1706381000,0.8886598000,0.0000000000,0.0000000000,0.0000000000,0.4256365000,0.1706381000,0.8886598000,2.0000000000,1878,2,True,3,3,64.0000000000,
22.9262859029,21287697100,True,1.0000000000,4.0000000000,-0.0320000000,0.0000000000,0.0000000000,0.4256365000,0.1706381000,0.8886598000,True,1.0000000000,4.0000000000,0.0320000000,0.0000000000,0.0000000000,0.4256365000,0.1706381000,0.8886598000,0.0000000000,0.0000000000,0.0000000000,0.4256365000,0.1706381000,0.8886598000,2.0000000000,1879,2,True,3,3,64.0000000000,
22.9367704029,21298181800,True,1.0000000000,4.0000000000,-0.0320000000,0.0000000000,0.0000000000,0.4256365000,0.1706381000,0.8886598000,True,1.0000000000,4.0000000000,0.0320000000,0.0000000000,0.0000000000,0.4256365000,0.1706381000,0.8886598000,0.0000000000,0.0000000000,0.0000000000,0.4256365000,0.1706381000,0.8886598000,2.0000000000,1880,2,True,3,3,64.0000000000,
22.9467488029,21308160200,True,1.0000000000,4.0000000000,-0.0320000000,0.0000000000,0.0000000000,0.4256365000,0.1706381000,0.8886598000,True,1.0000000000,4.0000000000,0.0320000000,0.0000000000,0.0000000000,0.4256365000,0.1706381000,0.8886598000,0.0000000000,0.0000000000,0.0000000000,0.4256365000,0.1706381000,0.8886598000,2.0000000000,1881,2,True,3,3,64.0000000000,
22.9569739029,21318385200,True,1.0000000000,4.0000000000,-0.0320000000,0.0000000000,0.0000000000,0.4256365000,0.1706381000,0.8886598000,True,1.0000000000,4.0000000000,0.0320000000,0.0000000000,0.0000000000,0.4256365000,0.1706381000,0.8886598000,0.0000000000,0.0000000000,0.0000000000,0.4256365000,0.1706381000,0.8886598000,2.0000000000,1882,2,True,3,3,64.0000000000,
22.9669057029,21328317100,True,1.0000000000,4.0000000000,-0.0320000000,0.0000000000,0.0000000000,0.4256365000,0.1706381000,0.8886598000,True,1.0000000000,4.0000000000,0.0320000000,0.0000000000,0.0000000000,0.4256365000,0.1706381000,0.8886598000,0.0000000000,0.0000000000,0.0000000000,0.4256365000,0.1706381000,0.8886598000,2.0000000000,1883,2,True,3,3,64.0000000000,
22.9769117029,21338323100,True,1.0000000000,4.0000000000,-0.0320000000,0.0000000000,0.0000000000,0.4256365000,0.1706381000,0.8886598000,True,1.0000000000,4.0000000000,0.0320000000,0.0000000000,0.0000000000,0.4256365000,0.1706381000,0.8886598000,0.0000000000,0.0000000000,0.0000000000,0.4256365000,0.1706381000,0.8886598000,2.0000000000,1884,2,True,3,3,64.0000000000,
22.9872102029,21348621700,True,1.0000000000,4.0000000000,-0.0320000000,0.0000000000,0.0000000000,0.4256365000,0.1706381000,0.8886598000,True,1.0000000000,4.0000000000,0.0320000000,0.0000000000,0.0000000000,0.4256365000,0.1706381000,0.8886598000,0.0000000000,0.0000000000,0.0000000000,0.4256365000,0.1706381000,0.8886598000,2.0000000000,1885,2,True,3,3,64.0000000000,
22.9971959029,21358607300,True,1.0000000000,4.0000000000,-0.0320000000,0.0000000000,0.0000000000,0.4256365000,0.1706381000,0.8886598000,True,1.0000000000,4.0000000000,0.0320000000,0.0000000000,0.0000000000,0.4256365000,0.1706381000,0.8886598000,0.0000000000,0.0000000000,0.0000000000,0.4256365000,0.1706381000,0.8886598000,2.0000000000,1886,2,True,3,3,64.0000000000,
23.0077437029,21369155200,True,1.0000000000,4.0000000000,-0.0320000000,0.0000000000,0.0000000000,0.4256365000,0.1706381000,0.8886598000,True,1.0000000000,4.0000000000,0.0320000000,0.0000000000,0.0000000000,0.4256365000,0.1706381000,0.8886598000,0.0000000000,0.0000000000,0.0000000000,0.4256365000,0.1706381000,0.8886598000,2.0000000000,1887,2,True,3,3,64.0000000000,
23.0193470029,21380758600,True,1.0000000000,4.0000000000,-0.0320000000,0.0000000000,0.0000000000,0.4378062000,0.1914218000,0.8784552000,True,1.0000000000,4.0000000000,0.0320000000,0.0000000000,0.0000000000,0.4378062000,0.1914218000,0.8784552000,0.0000000000,0.0000000000,0.0000000000,0.4378062000,0.1914218000,0.8784552000,2.0000000000,1888,2,True,3,3,64.0000000000,
23.0297687029,21391180200,True,1.0000000000,4.0000000000,-0.0320000000,0.0000000000,0.0000000000,0.4499478000,0.2342702000,0.8617798000,True,1.0000000000,4.0000000000,0.0320000000,0.0000000000,0.0000000000,0.4499478000,0.2342702000,0.8617798000,0.0000000000,0.0000000000,0.0000000000,0.4499478000,0.2342702000,0.8617798000,2.0000000000,1889,2,True,3,3,64.0000000000,
23.0398574029,21401268900,True,1.0000000000,4.0000000000,-0.0320000000,0.0000000000,0.0000000000,0.4563342000,0.2756259000,0.8460434000,True,1.0000000000,4.0000000000,0.0320000000,0.0000000000,0.0000000000,0.4563342000,0.2756259000,0.8460434000,0.0000000000,0.0000000000,0.0000000000,0.4563342000,0.2756259000,0.8460434000,2.0000000000,1890,2,True,3,3,64.0000000000,
23.0564615029,21417872900,True,1.0000000000,4.0000000000,-0.0320000000,0.0000000000,0.0000000000,0.4546367000,0.3066993000,0.8362064000,True,1.0000000000,4.0000000000,0.0320000000,0.0000000000,0.0000000000,0.4546367000,0.3066993000,0.8362064000,0.0000000000,0.0000000000,0.0000000000,0.4546367000,0.3066993000,0.8362064000,2.0000000000,1891,2,True,3,3,64.0000000000,
23.0653624029,21426773700,True,1.0000000000,4.0000000000,-0.0320000000,0.0000000000,0.0000000000,0.4534946000,0.3226443000,0.8308089000,True,1.0000000000,4.0000000000,0.0320000000,0.0000000000,0.0000000000,0.4534946000,0.3226443000,0.8308089000,0.0000000000,0.0000000000,0.0000000000,0.4534946000,0.3226443000,0.8308089000,2.0000000000,1892,2,True,3,3,64.0000000000,
23.0755228029,21436934000,True,1.0000000000,4.0000000000,-0.0320000000,0.0000000000,0.0000000000,0.4539277000,0.3364405000,0.8250803000,True,1.0000000000,4.0000000000,0.0320000000,0.0000000000,0.0000000000,0.4539277000,0.3364405000,0.8250803000,0.0000000000,0.0000000000,0.0000000000,0.4539277000,0.3364405000,0.8250803000,2.0000000000,1893,2,True,3,3,64.0000000000,
23.0859063029,21447317600,True,1.0000000000,4.0000000000,-0.0320000000,0.0000000000,0.0000000000,0.4522883000,0.3533502000,0.8188889000,True,1.0000000000,4.0000000000,0.0320000000,0.0000000000,0.0000000000,0.4522883000,0.3533502000,0.8188889000,0.0000000000,0.0000000000,0.0000000000,0.4522883000,0.3533502000,0.8188889000,2.0000000000,1894,2,True,3,3,64.0000000000,
23.0961787029,21457590200,True,1.0000000000,4.0000000000,-0.0320000000,0.0000000000,0.0000000000,0.4488382000,0.3716941000,0.8126425000,True,1.0000000000,4.0000000000,0.0320000000,0.0000000000,0.0000000000,0.4488382000,0.3716941000,0.8126425000,0.0000000000,0.0000000000,0.0000000000,0.4488382000,0.3716941000,0.8126425000,2.0000000000,1895,2,True,3,3,64.0000000000,
23.1076782029,21469089300,True,1.0000000000,4.0000000000,-0.0320000000,0.0000000000,0.0000000000,0.4357289000,0.3902312000,0.8110856000,True,1.0000000000,4.0000000000,0.0320000000,0.0000000000,0.0000000000,0.4357289000,0.3902312000,0.8110856000,0.0000000000,0.0000000000,0.0000000000,0.4357289000,0.3902312000,0.8110856000,2.0000000000,1896,2,True,3,3,64.0000000000,
23.1181393029,21479550600,True,1.0000000000,4.0000000000,-0.0320000000,0.0000000000,0.0000000000,0.4058951000,0.4146807000,0.8144257000,True,1.0000000000,4.0000000000,0.0320000000,0.0000000000,0.0000000000,0.4058951000,0.4146807000,0.8144257000,0.0000000000,0.0000000000,0.0000000000,0.4058951000,0.4146807000,0.8144257000,2.0000000000,1897,2,True,3,3,64.0000000000,
23.1293860029,21490797300,True,1.0000000000,4.0000000000,-0.0320000000,0.0000000000,0.0000000000,0.3509224000,0.4417701000,0.8256468000,True,1.0000000000,4.0000000000,0.0320000000,0.0000000000,0.0000000000,0.3509224000,0.4417701000,0.8256468000,0.0000000000,0.0000000000,0.0000000000,0.3509224000,0.4417701000,0.8256468000,2.0000000000,1898,2,True,3,3,64.0000000000,
23.1398717029,21501283000,True,1.0000000000,4.0000000000,-0.0320000000,0.0000000000,0.0000000000,0.3075728000,0.4586612000,0.8336840000,True,1.0000000000,4.0000000000,0.0320000000,0.0000000000,0.0000000000,0.3075728000,0.4586612000,0.8336840000,0.0000000000,0.0000000000,0.0000000000,0.3075728000,0.4586612000,0.8336840000,2.0000000000,1899,2,True,3,3,64.0000000000,
23.1501854029,21511596900,True,1.0000000000,4.0000000000,-0.0320000000,0.0000000000,0.0000000000,0.2745185000,0.4731832000,0.8371006000,True,1.0000000000,4.0000000000,0.0320000000,0.0000000000,0.0000000000,0.2745185000,0.4731832000,0.8371006000,0.0000000000,0.0000000000,0.0000000000,0.2745185000,0.4731832000,0.8371006000,2.0000000000,1900,2,True,3,3,64.0000000000,
23.1604125029,21521824000,True,1.0000000000,4.0000000000,-0.0320000000,0.0000000000,0.0000000000,0.2565816000,0.4824455000,0.8375036000,True,1.0000000000,4.0000000000,0.0320000000,0.0000000000,0.0000000000,0.2565816000,0.4824455000,0.8375036000,0.0000000000,0.0000000000,0.0000000000,0.2565816000,0.4824455000,0.8375036000,2.0000000000,1901,2,True,3,3,64.0000000000,
23.1714717029,21532883100,True,1.0000000000,4.0000000000,-0.0320000000,0.0000000000,0.0000000000,0.2415047000,0.4938227000,0.8353531000,True,1.0000000000,4.0000000000,0.0320000000,0.0000000000,0.0000000000,0.2415047000,0.4938227000,0.8353531000,0.0000000000,0.0000000000,0.0000000000,0.2415047000,0.4938227000,0.8353531000,2.0000000000,1902,2,True,3,3,64.0000000000,
23.1828725029,21544283800,True,1.0000000000,4.0000000000,-0.0320000000,0.0000000000,0.0000000000,0.2313191000,0.5056743000,0.8311347000,True,1.0000000000,4.0000000000,0.0320000000,0.0000000000,0.0000000000,0.2313191000,0.5056743000,0.8311347000,0.0000000000,0.0000000000,0.0000000000,0.2313191000,0.5056743000,0.8311347000,2.0000000000,1903,2,True,3,3,64.0000000000,
23.1929708029,21554382300,True,1.0000000000,4.0000000000,-0.0320000000,0.0000000000,0.0000000000,0.2215869000,0.5146533000,0.8282701000,True,1.0000000000,4.0000000000,0.0320000000,0.0000000000,0.0000000000,0.2215869000,0.5146533000,0.8282701000,0.0000000000,0.0000000000,0.0000000000,0.2215869000,0.5146533000,0.8282701000,2.0000000000,1904,2,True,3,3,64.0000000000,
23.2048855029,21566296800,True,1.0000000000,4.0000000000,-0.0320000000,0.0000000000,0.0000000000,0.2097891000,0.5262505000,0.8240442000,True,1.0000000000,4.0000000000,0.0320000000,0.0000000000,0.0000000000,0.2097891000,0.5262505000,0.8240442000,0.0000000000,0.0000000000,0.0000000000,0.2097891000,0.5262505000,0.8240442000,2.0000000000,1905,2,True,3,3,64.0000000000,
23.2156096029,21577021000,True,1.0000000000,4.0000000000,-0.0320000000,0.0000000000,0.0000000000,0.2005107000,0.5323291000,0.8224483000,True,1.0000000000,4.0000000000,0.0320000000,0.0000000000,0.0000000000,0.2005107000,0.5323291000,0.8224483000,0.0000000000,0.0000000000,0.0000000000,0.2005107000,0.5323291000,0.8224483000,2.0000000000,1906,2,True,3,3,64.0000000000,
23.2260033029,21587414700,True,1.0000000000,4.0000000000,-0.0320000000,0.0000000000,0.0000000000,0.1948381000,0.5366900000,0.8209762000,True,1.0000000000,4.0000000000,0.0320000000,0.0000000000,0.0000000000,0.1948381000,0.5366900000,0.8209762000,0.0000000000,0.0000000000,0.0000000000,0.1948381000,0.5366900000,0.8209762000,2.0000000000,1907,2,True,3,3,64.0000000000,
23.2362914029,21597702800,True,1.0000000000,4.0000000000,-0.0320000000,0.0000000000,0.0000000000,0.1908793000,0.5408250000,0.8191907000,True,1.0000000000,4.0000000000,0.0320000000,0.0000000000,0.0000000000,0.1908793000,0.5408250000,0.8191907000,0.0000000000,0.0000000000,0.0000000000,0.1908793000,0.5408250000,0.8191907000,2.0000000000,1908,2,True,3,3,64.0000000000,
23.2466337029,21608045200,True,1.0000000000,4.0000000000,-0.0320000000,0.0000000000,0.0000000000,0.1871110000,0.5436810000,0.8181690000,True,1.0000000000,4.0000000000,0.0320000000,0.0000000000,0.0000000000,0.1871110000,0.5436810000,0.8181690000,0.0000000000,0.0000000000,0.0000000000,0.1871110000,0.5436810000,0.8181690000,2.0000000000,1909,2,True,3,3,64.0000000000,
23.2572624029,21618673900,True,1.0000000000,4.0000000000,-0.0320000000,0.0000000000,0.0000000000,0.1829944000,0.5489827000,0.8155558000,True,1.0000000000,4.0000000000,0.0320000000,0.0000000000,0.0000000000,0.1829944000,0.5489827000,0.8155558000,0.0000000000,0.0000000000,0.0000000000,0.1829944000,0.5489827000,0.8155558000,2.0000000000,1910,2,True,3,3,64.0000000000,
23.2674175029,21628828900,True,1.0000000000,4.0000000000,-0.0320000000,0.0000000000,0.0000000000,0.1822869000,0.5538713000,0.8124027000,True,1.0000000000,4.0000000000,0.0320000000,0.0000000000,0.0000000000,0.1822869000,0.5538713000,0.8124027000,0.0000000000,0.0000000000,0.0000000000,0.1822869000,0.5538713000,0.8124027000,2.0000000000,1911,2,True,3,3,64.0000000000,
23.2779338029,21639345300,True,1.0000000000,4.0000000000,-0.0320000000,0.0000000000,0.0000000000,0.1793626000,0.5624668000,0.8071308000,True,1.0000000000,4.0000000000,0.0320000000,0.0000000000,0.0000000000,0.1793626000,0.5624668000,0.8071308000,0.0000000000,0.0000000000,0.0000000000,0.1793626000,0.5624668000,0.8071308000,2.0000000000,1912,2,True,3,3,64.0000000000,
23.2885912029,21650002600,True,1.0000000000,4.0000000000,-0.0320000000,0.0000000000,0.0000000000,0.1779564000,0.5718791000,0.8008032000,True,1.0000000000,4.0000000000,0.0320000000,0.0000000000,0.0000000000,0.1779564000,0.5718791000,0.8008032000,0.0000000000,0.0000000000,0.0000000000,0.1779564000,0.5718791000,0.8008032000,2.0000000000,1913,2,True,3,3,64.0000000000,
23.2999405029,21661352000,True,1.0000000000,4.0000000000,-0.0320000000,0.0000000000,0.0000000000,0.1765497000,0.5810708000,0.7944728000,True,1.0000000000,4.0000000000,0.0320000000,0.0000000000,0.0000000000,0.1765497000,0.5810708000,0.7944728000,0.0000000000,0.0000000000,0.0000000000,0.1765497000,0.5810708000,0.7944728000,2.0000000000,1914,2,True,3,3,64.0000000000,
23.3100216029,21671433000,True,1.0000000000,4.0000000000,-0.0320000000,0.0000000000,0.0000000000,0.1751433000,0.5900456000,0.7881441000,True,1.0000000000,4.0000000000,0.0320000000,0.0000000000,0.0000000000,0.1751433000,0.5900456000,0.7881441000,0.0000000000,0.0000000000,0.0000000000,0.1751433000,0.5900456000,0.7881441000,2.0000000000,1915,2,True,3,3,64.0000000000,
23.3212751029,21682686400,True,1.0000000000,4.0000000000,-0.0320000000,0.0000000000,0.0000000000,0.1737383000,0.5988066000,0.7818220000,True,1.0000000000,4.0000000000,0.0320000000,0.0000000000,0.0000000000,0.1737383000,0.5988066000,0.7818220000,0.0000000000,0.0000000000,0.0000000000,0.1737383000,0.5988066000,0.7818220000,2.0000000000,1916,2,True,3,3,64.0000000000,
23.3325696029,21693981000,True,1.0000000000,4.0000000000,-0.0320000000,0.0000000000,0.0000000000,0.1725110000,0.6063004000,0.7762988000,True,1.0000000000,4.0000000000,0.0320000000,0.0000000000,0.0000000000,0.1725110000,0.6063004000,0.7762988000,0.0000000000,0.0000000000,0.0000000000,0.1725110000,0.6063004000,0.7762988000,2.0000000000,1917,2,True,3,3,64.0000000000,
23.3424932029,21703904500,True,1.0000000000,4.0000000000,-0.0320000000,0.0000000000,0.0000000000,0.1716357000,0.6115561000,0.7723603000,True,1.0000000000,4.0000000000,0.0320000000,0.0000000000,0.0000000000,0.1716357000,0.6115561000,0.7723603000,0.0000000000,0.0000000000,0.0000000000,0.1716357000,0.6115561000,0.7723603000,2.0000000000,1918,2,True,3,3,64.0000000000,
23.3532435029,21714654600,True,1.0000000000,4.0000000000,-0.0320000000,0.0000000000,0.0000000000,0.1757635000,0.6151724000,0.7685507000,True,1.0000000000,4.0000000000,0.0320000000,0.0000000000,0.0000000000,0.1757635000,0.6151724000,0.7685507000,0.0000000000,0.0000000000,0.0000000000,0.1757635000,0.6151724000,0.7685507000,2.0000000000,1919,2,True,3,3,64.0000000000,
23.3636607029,21725071400,True,1.0000000000,4.0000000000,-0.0320000000,0.0000000000,0.0000000000,0.1802104000,0.6166829000,0.7663070000,True,1.0000000000,4.0000000000,0.0320000000,0.0000000000,0.0000000000,0.1802104000,0.6166829000,0.7663070000,0.0000000000,0.0000000000,0.0000000000,0.1802104000,0.6166829000,0.7663070000,2.0000000000,1920,2,True,3,3,64.0000000000,
23.3741722029,21735583500,True,1.0000000000,4.0000000000,-0.0320000000,0.0000000000,0.0000000000,0.1879990000,0.6167687000,0.7643643000,True,1.0000000000,4.0000000000,0.0320000000,0.0000000000,0.0000000000,0.1879990000,0.6167687000,0.7643643000,0.0000000000,0.0000000000,0.0000000000,0.1879990000,0.6167687000,0.7643643000,2.0000000000,1921,2,True,3,3,64.0000000000,
23.3842859029,21745697100,True,1.0000000000,4.0000000000,-0.0320000000,0.0000000000,0.0000000000,0.1990979000,0.6153937000,0.7626602000,True,1.0000000000,4.0000000000,0.0320000000,0.0000000000,0.0000000000,0.1990979000,0.6153937000,0.7626602000,0.0000000000,0.0000000000,0.0000000000,0.1990979000,0.6153937000,0.7626602000,2.0000000000,1922,2,True,3,3,64.0000000000,
23.3949019029,21756313400,True,1.0000000000,4.0000000000,-0.0320000000,0.0000000000,0.0000000000,0.2069793000,0.6143675000,0.7613884000,True,1.0000000000,4.0000000000,0.0320000000,0.0000000000,0.0000000000,0.2069793000,0.6143675000,0.7613884000,0.0000000000,0.0000000000,0.0000000000,0.2069793000,0.6143675000,0.7613884000,2.0000000000,1923,2,True,3,3,64.0000000000,
23.4055691029,21766980000,True,1.0000000000,4.0000000000,-0.0320000000,0.0000000000,0.0000000000,0.2148208000,0.6133050000,0.7600717000,True,1.0000000000,4.0000000000,0.0320000000,0.0000000000,0.0000000000,0.2148208000,0.6133050000,0.7600717000,0.0000000000,0.0000000000,0.0000000000,0.2148208000,0.6133050000,0.7600717000,2.0000000000,1924,2,True,3,3,64.0000000000,
23.4160705029,21777481900,True,1.0000000000,4.0000000000,-0.0320000000,0.0000000000,0.0000000000,0.2226208000,0.6122071000,0.7587110000,True,1.0000000000,4.0000000000,0.0320000000,0.0000000000,0.0000000000,0.2226208000,0.6122071000,0.7587110000,0.0000000000,0.0000000000,0.0000000000,0.2226208000,0.6122071000,0.7587110000,2.0000000000,1925,2,True,3,3,64.0000000000,
23.4275228029,21788934300,True,1.0000000000,4.0000000000,-0.0320000000,0.0000000000,0.0000000000,0.2290590000,0.6102783000,0.7583485000,True,1.0000000000,4.0000000000,0.0320000000,0.0000000000,0.0000000000,0.2290590000,0.6102783000,0.7583485000,0.0000000000,0.0000000000,0.0000000000,0.2290590000,0.6102783000,0.7583485000,2.0000000000,1926,2,True,3,3,64.0000000000,
23.4374739029,21798885200,True,1.0000000000,4.0000000000,-0.0320000000,0.0000000000,0.0000000000,0.2321561000,0.6098181000,0.7577766000,True,1.0000000000,4.0000000000,0.0320000000,0.0000000000,0.0000000000,0.2321561000,0.6098181000,0.7577766000,0.0000000000,0.0000000000,0.0000000000,0.2321561000,0.6098181000,0.7577766000,2.0000000000,1927,2,True,3,3,64.0000000000,
23.4486931029,21810104200,True,1.0000000000,4.0000000000,-0.0320000000,0.0000000000,0.0000000000,0.2352460000,0.6093525000,0.7571980000,True,1.0000000000,4.0000000000,0.0320000000,0.0000000000,0.0000000000,0.2352460000,0.6093525000,0.7571980000,0.0000000000,0.0000000000,0.0000000000,0.2352460000,0.6093525000,0.7571980000,2.0000000000,1928,2,True,3,3,64.0000000000,
23.4588597029,21820270800,True,1.0000000000,4.0000000000,-0.0320000000,0.0000000000,0.0000000000,0.2367884000,0.6091176000,0.7569062000,True,1.0000000000,4.0000000000,0.0320000000,0.0000000000,0.0000000000,0.2367884000,0.6091176000,0.7569062000,0.0000000000,0.0000000000,0.0000000000,0.2367884000,0.6091176000,0.7569062000,2.0000000000,1929,2,True,3,3,64.0000000000,
23.4692495029,21830660700,True,1.0000000000,4.0000000000,-0.0320000000,0.0000000000,0.0000000000,0.2367884000,0.6091176000,0.7569062000,True,1.0000000000,4.0000000000,0.0320000000,0.0000000000,0.0000000000,0.2367884000,0.6091176000,0.7569062000,0.0000000000,0.0000000000,0.0000000000,0.2367884000,0.6091176000,0.7569062000,2.0000000000,1930,2,True,3,3,64.0000000000,
23.4793773029,21840788800,True,1.0000000000,4.0000000000,-0.0320000000,0.0000000000,0.0000000000,0.2367884000,0.6091176000,0.7569062000,True,1.0000000000,4.0000000000,0.0320000000,0.0000000000,0.0000000000,0.2367884000,0.6091176000,0.7569062000,0.0000000000,0.0000000000,0.0000000000,0.2367884000,0.6091176000,0.7569062000,2.0000000000,1931,2,True,3,3,64.0000000000,
23.4895764029,21850987900,True,1.0000000000,4.0000000000,-0.0320000000,0.0000000000,0.0000000000,0.2367884000,0.6091176000,0.7569062000,True,1.0000000000,4.0000000000,0.0320000000,0.0000000000,0.0000000000,0.2367884000,0.6091176000,0.7569062000,0.0000000000,0.0000000000,0.0000000000,0.2367884000,0.6091176000,0.7569062000,2.0000000000,1932,2,True,3,3,64.0000000000,
23.4995649029,21860976300,True,1.0000000000,4.0000000000,-0.0320000000,0.0000000000,0.0000000000,0.2367884000,0.6091176000,0.7569062000,True,1.0000000000,4.0000000000,0.0320000000,0.0000000000,0.0000000000,0.2367884000,0.6091176000,0.7569062000,0.0000000000,0.0000000000,0.0000000000,0.2367884000,0.6091176000,0.7569062000,2.0000000000,1933,2,True,3,3,64.0000000000,
23.5087805029,21870192000,True,1.0000000000,4.0000000000,-0.0320000000,0.0000000000,0.0000000000,0.2367884000,0.6091176000,0.7569062000,True,1.0000000000,4.0000000000,0.0320000000,0.0000000000,0.0000000000,0.2367884000,0.6091176000,0.7569062000,0.0000000000,0.0000000000,0.0000000000,0.2367884000,0.6091176000,0.7569062000,2.0000000000,1934,2,True,3,3,64.0000000000,
23.5171572029,21878568700,True,1.0000000000,4.0000000000,-0.0320000000,0.0000000000,0.0000000000,0.2367884000,0.6091176000,0.7569062000,True,1.0000000000,4.0000000000,0.0320000000,0.0000000000,0.0000000000,0.2367884000,0.6091176000,0.7569062000,0.0000000000,0.0000000000,0.0000000000,0.2367884000,0.6091176000,0.7569062000,2.0000000000,1935,2,True,3,3,64.0000000000,
23.5256143029,21887025700,True,1.0000000000,4.0000000000,-0.0320000000,0.0000000000,0.0000000000,0.2367884000,0.6091176000,0.7569062000,True,1.0000000000,4.0000000000,0.0320000000,0.0000000000,0.0000000000,0.2367884000,0.6091176000,0.7569062000,0.0000000000,0.0000000000,0.0000000000,0.2367884000,0.6091176000,0.7569062000,2.0000000000,1936,2,True,3,3,64.0000000000,
23.5339801029,21895391600,True,1.0000000000,4.0000000000,-0.0320000000,0.0000000000,0.0000000000,0.2367884000,0.6091176000,0.7569062000,True,1.0000000000,4.0000000000,0.0320000000,0.0000000000,0.0000000000,0.2367884000,0.6091176000,0.7569062000,0.0000000000,0.0000000000,0.0000000000,0.2367884000,0.6091176000,0.7569062000,2.0000000000,1937,2,True,3,3,64.0000000000,
23.5433932029,21904804700,True,1.0000000000,4.0000000000,-0.0320000000,0.0000000000,0.0000000000,0.2367884000,0.6091176000,0.7569062000,True,1.0000000000,4.0000000000,0.0320000000,0.0000000000,0.0000000000,0.2367884000,0.6091176000,0.7569062000,0.0000000000,0.0000000000,0.0000000000,0.2367884000,0.6091176000,0.7569062000,2.0000000000,1938,2,True,3,3,64.0000000000,
23.5533566029,21914768100,True,1.0000000000,4.0000000000,-0.0320000000,0.0000000000,0.0000000000,0.2367884000,0.6091176000,0.7569062000,True,1.0000000000,4.0000000000,0.0320000000,0.0000000000,0.0000000000,0.2367884000,0.6091176000,0.7569062000,0.0000000000,0.0000000000,0.0000000000,0.2367884000,0.6091176000,0.7569062000,2.0000000000,1939,2,True,3,3,64.0000000000,
23.5636991029,21925110600,True,1.0000000000,4.0000000000,-0.0320000000,0.0000000000,0.0000000000,0.2367884000,0.6091176000,0.7569062000,True,1.0000000000,4.0000000000,0.0320000000,0.0000000000,0.0000000000,0.2367884000,0.6091176000,0.7569062000,0.0000000000,0.0000000000,0.0000000000,0.2367884000,0.6091176000,0.7569062000,2.0000000000,1940,2,True,3,3,64.0000000000,
23.5739119029,21935323400,True,1.0000000000,4.0000000000,-0.0320000000,0.0000000000,0.0000000000,0.2367884000,0.6091176000,0.7569062000,True,1.0000000000,4.0000000000,0.0320000000,0.0000000000,0.0000000000,0.2367884000,0.6091176000,0.7569062000,0.0000000000,0.0000000000,0.0000000000,0.2367884000,0.6091176000,0.7569062000,2.0000000000,1941,2,True,3,3,64.0000000000,
23.5838315029,21945243100,True,1.0000000000,4.0000000000,-0.0320000000,0.0000000000,0.0000000000,0.2367884000,0.6091176000,0.7569062000,True,1.0000000000,4.0000000000,0.0320000000,0.0000000000,0.0000000000,0.2367884000,0.6091176000,0.7569062000,0.0000000000,0.0000000000,0.0000000000,0.2367884000,0.6091176000,0.7569062000,2.0000000000,1942,2,True,3,3,64.0000000000,
23.5945698029,21955981300,True,1.0000000000,4.0000000000,-0.0320000000,0.0000000000,0.0000000000,0.2367884000,0.6091176000,0.7569062000,True,1.0000000000,4.0000000000,0.0320000000,0.0000000000,0.0000000000,0.2367884000,0.6091176000,0.7569062000,0.0000000000,0.0000000000,0.0000000000,0.2367884000,0.6091176000,0.7569062000,2.0000000000,1943,2,True,3,3,64.0000000000,
23.6053824029,21966793800,True,1.0000000000,4.0000000000,-0.0320000000,0.0000000000,0.0000000000,0.2367884000,0.6091176000,0.7569062000,True,1.0000000000,4.0000000000,0.0320000000,0.0000000000,0.0000000000,0.2367884000,0.6091176000,0.7569062000,0.0000000000,0.0000000000,0.0000000000,0.2367884000,0.6091176000,0.7569062000,2.0000000000,1944,2,True,3,3,64.0000000000,
23.6152238029,21976635400,True,1.0000000000,4.0000000000,-0.0320000000,0.0000000000,0.0000000000,0.2367884000,0.6091176000,0.7569062000,True,1.0000000000,4.0000000000,0.0320000000,0.0000000000,0.0000000000,0.2367884000,0.6091176000,0.7569062000,0.0000000000,0.0000000000,0.0000000000,0.2367884000,0.6091176000,0.7569062000,2.0000000000,1945,2,True,3,3,64.0000000000,
23.6265261029,21987937500,True,1.0000000000,4.0000000000,-0.0320000000,0.0000000000,0.0000000000,0.2367884000,0.6091176000,0.7569062000,True,1.0000000000,4.0000000000,0.0320000000,0.0000000000,0.0000000000,0.2367884000,0.6091176000,0.7569062000,0.0000000000,0.0000000000,0.0000000000,0.2367884000,0.6091176000,0.7569062000,2.0000000000,1946,2,True,3,3,64.0000000000,
23.6375032029,21998914600,True,1.0000000000,4.0000000000,-0.0320000000,0.0000000000,0.0000000000,0.2367884000,0.6091176000,0.7569062000,True,1.0000000000,4.0000000000,0.0320000000,0.0000000000,0.0000000000,0.2367884000,0.6091176000,0.7569062000,0.0000000000,0.0000000000,0.0000000000,0.2367884000,0.6091176000,0.7569062000,2.0000000000,1947,2,True,3,3,64.0000000000,
23.6481561029,22009567600,True,1.0000000000,4.0000000000,-0.0320000000,0.0000000000,0.0000000000,0.2367884000,0.6091176000,0.7569062000,True,1.0000000000,4.0000000000,0.0320000000,0.0000000000,0.0000000000,0.2367884000,0.6091176000,0.7569062000,0.0000000000,0.0000000000,0.0000000000,0.2367884000,0.6091176000,0.7569062000,2.0000000000,1948,2,True,3,3,64.0000000000,
23.6585941029,22020005700,True,1.0000000000,4.0000000000,-0.0320000000,0.0000000000,0.0000000000,0.2367884000,0.6091176000,0.7569062000,True,1.0000000000,4.0000000000,0.0320000000,0.0000000000,0.0000000000,0.2367884000,0.6091176000,0.7569062000,0.0000000000,0.0000000000,0.0000000000,0.2367884000,0.6091176000,0.7569062000,2.0000000000,1949,2,True,3,3,64.0000000000,
23.6687978029,22030209300,True,1.0000000000,4.0000000000,-0.0320000000,0.0000000000,0.0000000000,0.2367884000,0.6091176000,0.7569062000,True,1.0000000000,4.0000000000,0.0320000000,0.0000000000,0.0000000000,0.2367884000,0.6091176000,0.7569062000,0.0000000000,0.0000000000,0.0000000000,0.2367884000,0.6091176000,0.7569062000,2.0000000000,1950,2,True,3,3,64.0000000000,
23.6769133029,22038324900,True,1.0000000000,4.0000000000,-0.0320000000,0.0000000000,0.0000000000,0.2367884000,0.6091176000,0.7569062000,True,1.0000000000,4.0000000000,0.0320000000,0.0000000000,0.0000000000,0.2367884000,0.6091176000,0.7569062000,0.0000000000,0.0000000000,0.0000000000,0.2367884000,0.6091176000,0.7569062000,2.0000000000,1951,2,True,3,3,64.0000000000,
23.6849324029,22046343800,True,1.0000000000,4.0000000000,-0.0320000000,0.0000000000,0.0000000000,0.2367884000,0.6091176000,0.7569062000,True,1.0000000000,4.0000000000,0.0320000000,0.0000000000,0.0000000000,0.2367884000,0.6091176000,0.7569062000,0.0000000000,0.0000000000,0.0000000000,0.2367884000,0.6091176000,0.7569062000,2.0000000000,1952,2,True,3,3,64.0000000000,
23.6932269029,22054638300,True,1.0000000000,4.0000000000,-0.0320000000,0.0000000000,0.0000000000,0.2367884000,0.6091176000,0.7569062000,True,1.0000000000,4.0000000000,0.0320000000,0.0000000000,0.0000000000,0.2367884000,0.6091176000,0.7569062000,0.0000000000,0.0000000000,0.0000000000,0.2367884000,0.6091176000,0.7569062000,2.0000000000,1953,2,True,3,3,64.0000000000,
23.7019066029,22063318100,True,1.0000000000,4.0000000000,-0.0320000000,0.0000000000,0.0000000000,0.2367884000,0.6091176000,0.7569062000,True,1.0000000000,4.0000000000,0.0320000000,0.0000000000,0.0000000000,0.2367884000,0.6091176000,0.7569062000,0.0000000000,0.0000000000,0.0000000000,0.2367884000,0.6091176000,0.7569062000,2.0000000000,1954,2,True,3,3,64.0000000000,
23.7113179029,22072729500,True,1.0000000000,4.0000000000,-0.0320000000,0.0000000000,0.0000000000,0.2367884000,0.6091176000,0.7569062000,True,1.0000000000,4.0000000000,0.0320000000,0.0000000000,0.0000000000,0.2367884000,0.6091176000,0.7569062000,0.0000000000,0.0000000000,0.0000000000,0.2367884000,0.6091176000,0.7569062000,2.0000000000,1955,2,True,3,3,64.0000000000,
23.7429852029,22104396600,True,1.0000000000,4.0000000000,-0.0320000000,0.0000000000,0.0000000000,-0.7469956000,-0.4701051000,0.4701051000,True,1.0000000000,4.0000000000,0.0320000000,0.0000000000,0.0000000000,-0.7469956000,-0.4701051000,0.4701051000,0.0000000000,0.0000000000,0.0000000000,-0.7469956000,-0.4701051000,0.4701051000,2.0000000000,1956,2,True,3,3,64.0000000000,
23.7429852029,22104396600,True,1.0000000000,4.0000000000,-0.0320000000,0.0000000000,0.0000000000,-0.7469956000,-0.4701051000,0.4701051000,True,1.0000000000,4.0000000000,0.0320000000,0.0000000000,0.0000000000,-0.7469956000,-0.4701051000,0.4701051000,0.0000000000,0.0000000000,0.0000000000,-0.7469956000,-0.4701051000,0.4701051000,2.0000000000,1956,2,True,3,3,64.0000000000,SessionAborted;reason=ControllerDisabled|StimulusHidden;visual_space_l=0.400;fov_deg=90.00;edge_softness_deg=1.00;circular_aperture=True;grid_spacing_deg=10.00;grid_spacing_uv=0.176327;content_zoom=1.000;eye=BothEyes|RecordingStopped
